sigma_code,sigma_name,class,VatId,rate,inactive,invoice_lines_2025_2026_by_rate
000001,1,АРТИКЛ,2,0.05,,no 2025–2026 sales invoice
000002,КОМБУХА ЕКСТРАКТ 250 ml сет(2+1),АРТИКЛ,2,0.05,,no 2025–2026 sales invoice
000003,МЕЛЕМ 100 ml.,ТС,1,0.18,,no 2025–2026 sales invoice
000017,ЕДИНЕЧНО ЕЛЕКТРИЧНО КЕБЕ,ТС,1,0.18,,no 2025–2026 sales invoice
000018,Електрично ќебе (120х150cm),ЛОЈАЛИТИ,1,0.18,,no 2025–2026 sales invoice
000019,ДУПЛО ЕЛЕКТРИЧНО КЕБЕ со две контроли,ТС,1,0.18,,no 2025–2026 sales invoice
000021,ГАСТРО КОМПЛЕКС 250  мл.,АРТИКЛ,2,0.05,,no 2025–2026 sales invoice
000022,СНАИЛ РЕПАИР КРЕМА ЗА ЛИЦЕ 50ml,АРТИКЛ,1,0.18,,no 2025–2026 sales invoice
000023,ИНСТАНТ КАФЕ СО РЕИШИ 30/1,ТС,2,0.05,,no 2025–2026 sales invoice
000024,КУТИИ ЗА КАФЕ РЕИШИ,ТС,1,0.18,,no 2025–2026 sales invoice
000029,СУПЕР АНТИОКСИДАНТ СО ЦРНО ГОЏИ 200 гр.,ТС,1,0.18,,no 2025–2026 sales invoice
000030,ГАСТРО КОМПЛЕКС 250 мл. сет (2+1),АРТИКЛ,2,0.05,,no 2025–2026 sales invoice
000033,ВИТАМИН Ц ЗА ВОЗРАСНИ 1Л,АРТИКЛ,2,0.05,0,no 2025–2026 sales invoice
000037,ТРАНСПОРТНА КУТИЈА,ТС,1,0.18,,no 2025–2026 sales invoice
000040,СНАИЛ КРЕМА 100ml антиревматска туба,АРТИКЛ,1,0.18,0,2025@18.00: 233; 2026@18.00: 61; mex@18.00: 15
000041,ИНСТАНТ КАФЕ СО РЕИШИ 30/1 ( сет 2+1),ТС,2,0.05,,no 2025–2026 sales invoice
000042,СНАИЛ КОМПЛЕКС cps 30,АРТИКЛ,2,0.05,0,2025@5.00: 529; 2026@5.00: 253; mex@5.00: 18
000043,WINNING CARDS 90*50mm,ТС,1,0.18,,no 2025–2026 sales invoice
000044,АЛОЕ (Препакување) ГЕЛ РЕСВЕРАТРОЛ 1Л,АРТИКЛ,2,0.05,0,no 2025–2026 sales invoice
000048,СЕМЕ КОПРИВА,ТС,2,0.05,,no 2025–2026 sales invoice
000049,ЃУМБИР,ТС,2,0.05,,no 2025–2026 sales invoice
000050,АЛОЕ ВЕРА Крема за раце 50 МЛ,АРТИКЛ,1,0.18,,no 2025–2026 sales invoice
000052,ДУПЛО ЕЛЕКТРИЧНО ЌЕБЕ(ПАКЕТ2+1),ТС,1,0.18,,no 2025–2026 sales invoice
000054,"Инстант кафе Реиши 2,5 гр",АРТИКЛ,2,0.05,0,no 2025–2026 sales invoice
000055,Цветен мед во канта 25кг,ТС,2,0.05,,no 2025–2026 sales invoice
000058,ИНСТАНТ КАФЕ СО РЕИШИ 30/1 (сет 3+2),ТС,1,0.18,,no 2025–2026 sales invoice
000064,РЕИШИ ИМУНО ПРОТЕКТ,АРТИКЛ,2,0.05,,no 2025–2026 sales invoice
000065,СЛИМ КОМПЛЕКС 250 мл.,ТС,2,0.05,,no 2025–2026 sales invoice
000066,АЛОЕ ВЕРА ГЕЛ СО РЕСВЕРАТРОЛ 750 ml,АРТИКЛ,2,0.05,,no 2025–2026 sales invoice
000067,АЛОЕ ВЕРА ГЕЛ-РЕСВЕРА.750ml-сет2+1,АРТИКЛ,2,0.05,,no 2025–2026 sales invoice
000071,ЗАШТИТНА МАСКА,ТС,1,0.18,,no 2025–2026 sales invoice
000073,РЕИШИ ИМУНОПРОТЕКТ (сет 2+1),АРТИКЛ,2,0.05,,no 2025–2026 sales invoice
000074,АЛОЕ ВЕРА ГЕЛ СО РЕСВЕРАТРОЛ 1Л,АРТИКЛ,2,0.05,,2025@5.00: 56; 2026@5.00: 1; mex@5.00: 8
000082,МАШИНА ЗА ЗАПЕЧАТУВАЊЕ,ТС,1,0.18,,no 2025–2026 sales invoice
000086,АЛОЕ ВЕРА ГЕЛ 250 МЛ,ТС,2,0.05,,no 2025–2026 sales invoice
000087,ГАСТРО КОМПЛЕКС сет (2+1)+гратис Алое ве,ТС,2,0.05,,no 2025–2026 sales invoice
000089,БИЛБЕРИ НАТУРА 60/1,АРТИКЛ,2,0.05,,no 2025–2026 sales invoice
000090,АЛОЕ ВЕРА ГЕЛ-РЕСВЕРА.1Л-сет 2+1,АРТИКЛ,2,0.05,,2025@5.00: 7
000092,СЛИМ КОМПЛЕКС (сет2+1),АРТИКЛ,2,0.05,,no 2025–2026 sales invoice
000093,ИНСТАНТ КАФЕ СО РЕИШИ 20/1 (сет 2+1),ТС,2,0.05,,no 2025–2026 sales invoice
000094,СУПЕР АНТИОКСИДАНТ -БЕЗ ШЕЌЕР 180 гр.(се,ТС,2,0.05,,no 2025–2026 sales invoice
000095,ИНСТАНТ КАФЕ СО РЕИШИ 20/1,АРТИКЛ,2,0.05,,no 2025–2026 sales invoice
000100,БИЛБЕРИ НАТУРА 60/1 (сет 2+1),АРТИКЛ,2,0.05,,no 2025–2026 sales invoice
000104,НАЛЕПНИЦИ-КОМБУХА СО ГОЏИ,ТС,0,0.0,,no 2025–2026 sales invoice
000109,АЛОЕ ВЕРА ГЕЛ СО АРОНИЈА 1Л,АРТИКЛ,2,0.05,,2025@5.00: 725; 2026@5.00: 421; mex@5.00: 21
000110,АЛОЕ ВЕРА ГЕЛ- АРОНИЈА 1Л-сет2+1,АРТИКЛ,2,0.05,,2025@5.00: 411; 2026@18.00: 1; 2026@5.00: 177
000112,СОЛ ПРЕХРАНБЕНА,СУРОВИНА,2,0.05,,2026@5.00: 1
000113,СНАИЛ КОМПЛЕКС 30/1 сет (2+1),АРТИКЛ,2,0.05,,2025@5.00: 242; 2026@5.00: 107
000116,КАПАЧИЊА ЗА КУТИИ ЗА КАПСУЛИ-БИЛБЕРИ,ТС,0,0.0,,no 2025–2026 sales invoice
000117,КОЛАГЕНСКА МАСКА ЗА ЛИЦЕ со 24 каратно з,ТС,1,0.18,,no 2025–2026 sales invoice
000118,КОЛАГЕНСКА МАСКА ЗА ЛИЦЕ со 24 каратно з,ТС,1,0.18,,no 2025–2026 sales invoice
000119,КОЛАГЕН ПЕПТИДЕС  ВАНИЛА  200 ГР 1+1,АРТИКЛ,2,0.05,0,2025@5.00: 212; 2026@5.00: 48
000121,РЕИШИ КАПСУЛИ cps 30,АРТИКЛ,2,0.05,,2025@5.00: 15; 2026@5.00: 10; mex@5.00: 7
000122,РЕИШИ КАПСУЛИ cps 30 (сет 2+1),АРТИКЛ,2,0.05,,no 2025–2026 sales invoice
000125,ЦРН БИБЕР,ТС,2,0.05,,no 2025–2026 sales invoice
000126,КУРКУМИН ЕКСТРАКТ cps 30,АРТИКЛ,2,0.05,,2025@5.00: 38; 2026@5.00: 2; mex@5.00: 9
000129,КУРКУМИН КАПСУЛИ cps 30 (сет2+1),АРТИКЛ,2,0.05,,no 2025–2026 sales invoice
000130,СПИРУЛИНА ТАБЛЕТИ,ТС,0,0.0,,no 2025–2026 sales invoice
000131,СПИРУЛИНА КАПСУЛИ cps 120,АРТИКЛ,2,0.05,,no 2025–2026 sales invoice
000133,МАТИЧЕН МЛЕЧ,ТС,0,0.0,,no 2025–2026 sales invoice
000135,ПРОПОЛИС,ТС,0,0.0,,no 2025–2026 sales invoice
000147,СПИРУЛИНА КАПСУЛИ cps 120 (сет 2+1),АРТИКЛ,2,0.05,,no 2025–2026 sales invoice
000148,ТЕГЛА ЗА ЛОСИОН,ТС,1,0.18,,no 2025–2026 sales invoice
000162,КОМБУХА  ЕКСТРАКТ cps 30,АРТИКЛ,2,0.05,,no 2025–2026 sales invoice
000165,"АЛОЕ ВЕРА ГЕЛ СО АРОНИЈА 0,5Л",АРТИКЛ,2,0.05,,2025@5.00: 135; 2026@5.00: 81; mex@5.00: 17
000166,НЕУРО АКТИВ 60 cps,АРТИКЛ,2,0.05,,2025@5.00: 195; 2026@5.00: 168; mex@5.00: 13
000173,НИКОТИН ПРОТЕКТ 60 cps,АРТИКЛ,2,0.05,,no 2025–2026 sales invoice
000176,ГЛУКОМАННАН cps 60,АРТИКЛ,2,0.05,,2025@5.00: 4; 2026@5.00: 6
000178,"АЛОЕ ВЕРА ГЕЛ СО АРОНИЈА 0,5 Л (сет 3+1)",ТС,2,0.05,,no 2025–2026 sales invoice
000179,"АРОНИЈА ЕКСТРАКТ 0,5 Л",АРТИКЛ,2,0.05,,no 2025–2026 sales invoice
000180,"АРОНИЈА ЕКСТРАКТ 0,5 Л (сет 2+1)",ТС,2,0.05,,no 2025–2026 sales invoice
000181,ГЛУКОМАННАН cps 30,АРТИКЛ,2,0.05,,no 2025–2026 sales invoice
000182,ГЛУКОМАННАН cps 30 (сет 2+1),АРТИКЛ,2,0.05,,no 2025–2026 sales invoice
000183,ГЛУКОМАННАН cps 60 (сет 2+1),АРТИКЛ,2,0.05,,no 2025–2026 sales invoice
000187,НАЛЕПНИЦИ-ОРГАНИК АРОНИЈА,ТС,0,0.0,,no 2025–2026 sales invoice
000188,НАЛЕПНИЦИ- АЛОЕ 2+1-ЗЕЛЕНО,ТС,1,0.18,,no 2025–2026 sales invoice
000189,НАЛЕПНИЦИ-АЛОЕ СО АРОНИЈА  2+1,ТС,1,0.18,,no 2025–2026 sales invoice
000190,НАЛЕПНИЦА-АЛОЕ 750 2+1,ТС,0,0.0,,no 2025–2026 sales invoice
000194,"КУРКУМИН ЛИКВИД 0,5  Л",АРТИКЛ,2,0.05,,no 2025–2026 sales invoice
000195,"КУРКУМИН ЛИКВИД 0,5 (сет 2+1)",АРТИКЛ,2,0.05,,no 2025–2026 sales invoice
000198,"НОНИ ЕКСТРАКТ 0,5 Л",АРТИКЛ,2,0.05,,2025@5.00: 15; 2026@5.00: 12; mex@5.00: 6
000199,"НОНИ ЕКСТРАКТ 0,5Л (сет 2+1)",АРТИКЛ,2,0.05,,no 2025–2026 sales invoice
000201,НИКОТИН ПРОТЕКТ 60 cps (сет 2+1),АРТИКЛ,2,0.05,,no 2025–2026 sales invoice
000202,"АЛОЕ ВЕРА ГЕЛ 99,5% ЗА НАДВ.УПТРЕБА 200",ТС,1,0.18,,no 2025–2026 sales invoice
000203,"АЛОЕ ВЕРА ГЕЛ 99,5% ЗА НАДВ.УПТРЕБА 200",ТС,1,0.18,,no 2025–2026 sales invoice
000204,НАЛЕПНИЦА-АЛОЕ ВЕРА ЗА НАДВОРЕШНА УПОТРЕ,ТС,0,0.0,,no 2025–2026 sales invoice
000208,СНАИЛ КОМПЛЕКС 30/1 сет (2+1) + Спирулин,ТС,2,0.05,,no 2025–2026 sales invoice
000209,ПУЛМО КОМПЛЕКС cps 30,АРТИКЛ,2,0.05,,2025@5.00: 15; mex@5.00: 8
000210,ПУЛМО КОМПЛЕКС cps 30 (сет 2+1),АРТИКЛ,2,0.05,,no 2025–2026 sales invoice
000211,"ТЕЧЕН КОЛАГЕН 0,5 Л",АРТИКЛ,2,0.05,,2025@5.00: 52; 2026@5.00: 20; mex@5.00: 7
000212,"ТЕЧЕН КОЛАГЕН 0,5 сет Л(сет 2+1)",АРТИКЛ,2,0.05,,2025@5.00: 49; 2026@5.00: 22
000214,РУЗМАРИН-ГАЛА НУТС,ТС,1,0.18,,no 2025–2026 sales invoice
000215,КУРКУМА- ГАЛА НУТС,ТС,2,0.05,,no 2025–2026 sales invoice
000217,НАЛЕПНИЦА ЛИКВ.КУРК.2+1,ТС,1,0.18,,no 2025–2026 sales invoice
000218,НАЛЕПНИЦИ БИЛБЕРИ 2+1,ТС,1,0.18,,no 2025–2026 sales invoice
000219,ЖИЦА ЗА МАСКИ,ТС,1,0.18,,no 2025–2026 sales invoice
000221,"АЛОЕ ВЕРА ГЕЛ СО БИЛБЕРИ ЕКСТРАКТ 0,5 Л",ТС,2,0.05,,no 2025–2026 sales invoice
000222,АЛОЕ ВЕРА ГЕЛ СО КАЛИНКА 1Л,АРТИКЛ,2,0.05,,no 2025–2026 sales invoice
000223,"НАЛЕПНИЦИ АЛОЕ СО БИЛБЕРИ 0,5",ТС,1,0.18,,no 2025–2026 sales invoice
000226,ПОСТЕР АЛОЕ 70*100,ТС,0,0.0,,no 2025–2026 sales invoice
000227,РЕЦЕПТИ,ТС,0,0.0,,no 2025–2026 sales invoice
000228,АЛОЕ ВЕРА ГЕЛ СО АРОНИЈА 1Л(сет 2+1)+Кур,ТС,2,0.05,,no 2025–2026 sales invoice
000230,НАЛЕПНИЦИ-РЕИШИИМУНОПРОТЕКТ,ТС,0,0.0,,no 2025–2026 sales invoice
000233,ИНСТАНТ КАФЕ СО РЕИШИ 50 gr.,ТС,2,0.05,,no 2025–2026 sales invoice
000234,ЕЛДЕРБЕРИЛ Имун сируп 250 мл.,АРТИКЛ,2,0.05,,2025@5.00: 12; mex@5.00: 7
000236,АЛОЕ ВЕРА ГЕЛ СО КАЛИНКА 1Л (сет 2+1),АРТИКЛ,2,0.05,,no 2025–2026 sales invoice
000237,АЛОЕ ВЕРА ГЕЛ СО КАЛИНКА 1Л-БИОНАТУРАЛ,ТС,2,0.05,,no 2025–2026 sales invoice
000239,БАКТОСЕПТ-средство за чистење и дезинфек,ТС,2,0.05,,no 2025–2026 sales invoice
000246,ЕЛДЕРБЕРИЛ Имун сируп 250 мл.(сет 2+1),АРТИКЛ,2,0.05,,no 2025–2026 sales invoice
000249,КАПАЧЕ ЗА ШИШЕ-СТАКЛО ЗЛАТНО,ТС,0,0.0,,no 2025–2026 sales invoice
000250,ПАЛЕТА-ЕУР,ТС,0,0.0,,no 2025–2026 sales invoice
000251,ПЛАСТИЧЕН ПОДМ.ЗА ЕУРО ПАЛЕТА,ТС,0,0.0,,no 2025–2026 sales invoice
000254,ТЕЧЕН КОЛАГЕН 300 МЛ,АРТИКЛ,2,0.05,,no 2025–2026 sales invoice
000260,СОК ОД КАЛИНКА,ТС,2,0.05,,no 2025–2026 sales invoice
000263,"МАШРОМ КОМПЛЕКС  0,5 Л",АРТИКЛ,2,0.05,,no 2025–2026 sales invoice
000265,ПРОСТАТОЛ КОМПЛЕКС cps 30,АРТИКЛ,2,0.05,,2025@5.00: 513; 2026@5.00: 329; mex@5.00: 19
000266,ГАЛЕА-глицеринска Крема за раце-Алое вер,ТС,1,0.18,,no 2025–2026 sales invoice
000267,АЛОЕ ВЕРА ГЕЛ СО ЛИМОН 1Л,АРТИКЛ,2,0.05,,no 2025–2026 sales invoice
000270,АЛОЕ ВЕРА ГЕЛ СО ЛИМОН 1Л (сет  2+1),АРТИКЛ,2,0.05,,no 2025–2026 sales invoice
000271,САУ ПАЛМЕТТО (Saw Palmetto) 30 cps,АРТИКЛ,2,0.05,,2025@5.00: 105; 2026@0.00: 1; 2026@5.00: 68; mex@0.00: 1; mex@5.00: 17
000273,ГЛУКОЗАМИН СУЛФАТ 30 cps,АРТИКЛ,2,0.05,,2025@5.00: 202; 2026@5.00: 97; mex@5.00: 16
000284,АРТИЧОКА - ЕКСТРАКТххххх,ТС,0,0.0,,no 2025–2026 sales invoice
000300,РЕСВЕРАТРОЛ КОМПЛЕКС 30 cps,АРТИКЛ,2,0.05,,2025@5.00: 34; 2026@5.00: 22; mex@5.00: 12
000301,ЦРНО ГОЏИ cps 30,АРТИКЛ,2,0.05,,2025@5.00: 8; 2026@5.00: 1; mex@5.00: 4
000305,СПИРУЛИНА КАПСУЛИ cps 60- (600мг),АРТИКЛ,2,0.05,,no 2025–2026 sales invoice
000306,ЗЕЛЕН ЧАЈ ЕКСТРАКТ 30 cps,АРТИКЛ,2,0.05,,2025@5.00: 13; 2026@5.00: 8; mex@5.00: 8
000307,ЛЕСЕР ГАЛАНГЕР ЕКСТРАКТ 30cps,ТС,2,0.05,,no 2025–2026 sales invoice
000308,МАКА ЕКСТРАКТ 30 cps,АРТИКЛ,2,0.05,,2025@5.00: 37; 2026@5.00: 9; mex@5.00: 5
000309,БИТЕР МЕЛОН ЕКСТРАКТ 30 cps,АРТИКЛ,2,0.05,,2025@5.00: 7; mex@5.00: 4
000310,ПМС КОМПЛЕКС 30cps,АРТИКЛ,2,0.05,,no 2025–2026 sales invoice
000311,СИБИРСКИ ЖЕНШЕН 30cps,АРТИКЛ,2,0.05,,2025@5.00: 3; mex@5.00: 3
000312,ТРИБУЛУС ТЕРЕСТРИС 30cps,АРТИКЛ,2,0.05,,2025@5.00: 34; 2026@5.00: 19; mex@5.00: 13
000313,ЦИТРУС ЕКСТРАКТ 30cps,АРТИКЛ,2,0.05,,2025@5.00: 6; mex@5.00: 3
000315,АКАИ БЕРИ ЕКСТРАКТ 30 cps,АРТИКЛ,2,0.05,,2025@5.00: 1; mex@5.00: 1
000319,"АЛОЕ РОЈАЛ 0,5 Л",АРТИКЛ,2,0.05,,2025@5.00: 2; mex@5.00: 2
000321,СОИН ЛЕЦИТИН ВО ПРАВ,ТС,1,0.18,,no 2025–2026 sales invoice
000323,"АЛОЕ РОЈАЛ 0,5 Л (сет 2+1)",АРТИКЛ,2,0.05,,no 2025–2026 sales invoice
000324,ПРОСТАТОЛ КОМПЛЕКС cps 30-сет2+1,АРТИКЛ,2,0.05,,2025@5.00: 295; 2026@5.00: 137
000325,ЕПИМЕДИУМ КОМПЛЕКС 30 cps.,АРТИКЛ,2,0.05,,2025@5.00: 43; 2026@5.00: 19; mex@5.00: 16
000326,АШВАГАНДА  ЕКСТРАКТ 30cps,АРТИКЛ,2,0.05,,2025@5.00: 121; 2026@5.00: 69; mex@5.00: 14
000328,ХЕПАТОЛ ФОРТЕ 30 cps,АРТИКЛ,2,0.05,,2025@5.00: 57; 2026@5.00: 45; mex@5.00: 12
000329,СПИРУЛИНА КАПСУЛИ cps 30,АРТИКЛ,2,0.05,,no 2025–2026 sales invoice
000331,БИЛБЕРИ ЕКСТРАКТ 60 cps со цимет,АРТИКЛ,2,0.05,,no 2025–2026 sales invoice
000332,"МАШРОМ КОМПЛЕКС  0,5 Л (сет 2+1)",АРТИКЛ,2,0.05,,no 2025–2026 sales invoice
000334,ПМС КОМПЛЕКС 30cps-сет2+1,АРТИКЛ,2,0.05,,no 2025–2026 sales invoice
000335,ЛИСТ ОД МАСЛИНКА 30 cps,АРТИКЛ,2,0.05,,2025@5.00: 9; mex@5.00: 5
000337,ПРОПОЛИС КАПКИ - ПОЛУПРОИЗВОД РОЈАЛ,ТС,0,0.0,,no 2025–2026 sales invoice
000346,ФЕММЕ 60/1  ДА СЕ ИСКОРИСТИ,АРТИКЛ,2,0.05,,no 2025–2026 sales invoice
000356,РЕСВЕРАТРОЛ КОМПЛ.30cps-сет 2+1,АРТИКЛ,2,0.05,,2025@5.00: 2
000357,БИЛБЕРИ ЕКСТРАКТ 60 cps со цимет  (сет 2,АРТИКЛ,2,0.05,,no 2025–2026 sales invoice
000383,СЕТ АКЦИЈА (Простатол 2 ком. Епимедиум 2,ТС,2,0.05,,no 2025–2026 sales invoice
000386,МИЦЕЛИУМ ЕКСТРАКТ-печурка(Paecilomyces h,ТС,0,0.0,,no 2025–2026 sales invoice
000387,Кутија за 1 л шише со штампа,ТС,1,0.18,,no 2025–2026 sales invoice
000388,"Кутија за 0,5 л шише со штампа",ТС,1,0.18,,no 2025–2026 sales invoice
000390,ЕПИМЕ.КОМПЛЕКС 30cps-сет 2+1,АРТИКЛ,2,0.05,,no 2025–2026 sales invoice
000391,АЛОЕ ВЕРА-за надво.уптр.250ml.,АРТИКЛ,1,0.18,,no 2025–2026 sales invoice
000392,Кутија за капсули 2+1 штампа,ТС,1,0.18,,no 2025–2026 sales invoice
000397,ДИЕТ ШОТС 500 мл,АРТИКЛ,2,0.05,,no 2025–2026 sales invoice
000398,ХЕПАТОЛ ФОРТЕ 30cps-сет 2+1,АРТИКЛ,2,0.05,,2025@5.00: 49; 2026@5.00: 23
000403,КОРЕН ОД ОРЕВ-ЕКСТРАКТ(Nettle root extra,ТС,0,0.0,,no 2025–2026 sales invoice
000404,КАПАЧЕ ШИШЕ АЛОЕ 1Л-АРОНИЈА,ТС,0,0.0,,no 2025–2026 sales invoice
000412,ДИАБЕТОЛ ФОРТЕ 30cps,АРТИКЛ,2,0.05,,2025@5.00: 180; 2026@5.00: 114; mex@5.00: 18
000413,ЦРВЕН ОРИЗ 30 cps.,АРТИКЛ,2,0.05,,2025@5.00: 20; 2026@5.00: 1; mex@5.00: 8
000417,ПМС КОМПЛЕКС 30cps (сет 2+2),АРТИКЛ,2,0.05,,no 2025–2026 sales invoice
000418,ДИЕТ ШОТС 500 мл (сет 2+1),АРТИКЛ,2,0.05,,no 2025–2026 sales invoice
000423,ИМУНО КИДС 500мл,АРТИКЛ,2,0.05,0,no 2025–2026 sales invoice
000425,АЛОЕ СОК со вкус на портокал 500 ml,АРТИКЛ,1,0.18,,no 2025–2026 sales invoice
000429,МАСАЖЕР ГОЛЕМ,ТС,1,0.18,,no 2025–2026 sales invoice
000430,МАСАЖЕР МАЛ,ТС,1,0.18,0,no 2025–2026 sales invoice
000431,СТЕГАЧИ,ЛОЈАЛИТИ,1,0.18,0,no 2025–2026 sales invoice
000432,АПАРАТИ-(за притисок),ТС,1,0.18,,no 2025–2026 sales invoice
000434,ПРОСТАТОЛ КОМПЛЕКС ПРЕМИУМ 30/1,АРТИКЛ,2,0.05,0,no 2025–2026 sales invoice
000436,ПРОСТА.КОМП.cps30-сет 2+1+Епимед.,АРТИКЛ,2,0.05,0,no 2025–2026 sales invoice
000439,ТПE ЈОГА МАТ (мрежа),ТС,1,0.18,,no 2025–2026 sales invoice
000440,РУБЕР ЈОГА МАТ,ТС,1,0.18,,no 2025–2026 sales invoice
000441,СНАИЛ КРЕМА 80ml антиревматска,АРТИКЛ,1,0.18,0,no 2025–2026 sales invoice
000446,РЕСВЕ.КОМПЛ.30cps-сет 2+1+Цр.ориз,АРТИКЛ,2,0.05,,no 2025–2026 sales invoice
000447,ХЕПАТОЛ ФОРТЕ 30 cps (сет 2+2),АРТИКЛ,2,0.05,,no 2025–2026 sales invoice
000448,"Вит.Ц за возрасни 0,5ml.",АРТИКЛ,2,0.05,,2025@5.00: 101; 2026@0.00: 1; 2026@5.00: 39; mex@0.00: 1; mex@5.00: 13
000455,ПМС КОМПЛЕКС 30cps (сет 1+1),АРТИКЛ,2,0.05,,no 2025–2026 sales invoice
000456,ХЛОРОФИЛ ТЕЧЕН 500ml,АРТИКЛ,2,0.05,0,2025@5.00: 11; 2026@5.00: 14; mex@5.00: 8
000461,ДИАБЕТОЛ ФОРТЕ 30cps (сет 2+1),АРТИКЛ,2,0.05,,2025@5.00: 93; 2026@5.00: 54
000473,"КУРКУМИН ЛИКВИД 0,5 (сет 1+1)",АРТИКЛ,2,0.05,,no 2025–2026 sales invoice
000474,АЛОЕ ВЕРА ГЕЛ СО АРОНИЈА 1Л(сет 1+1),АРТИКЛ,2,0.05,,no 2025–2026 sales invoice
000475,СНАИЛ КОМПЛЕКС 30/1 сет (1+1),АРТИКЛ,2,0.05,,no 2025–2026 sales invoice
000476,BABE PED EXTRA NILD SHAI’4POO 200ml,ТС,1,0.18,0,no 2025–2026 sales invoice
000477,BABE PEDIATRIC ATOPIC SKIN OIL SOAP 200m,ТС,1,0.18,0,no 2025–2026 sales invoice
000478,BABE PED  ATOPIC SKIN EMOLLIENT  CREAM,ТС,1,0.18,,no 2025–2026 sales invoice
000479,BOD OIL SOAP 500ml,ТС,1,0.18,,no 2025–2026 sales invoice
000480,BOD 10% UREA REPAIRING LOTION 500ml,ТС,1,0.18,,no 2025–2026 sales invoice
000481,FAC ESS SOOTHING IflICELLAR GEL 245mI,ТС,1,0.18,,no 2025–2026 sales invoice
000482,FAC ESS HYDRONOURISHING CREAM SPF20 50mI,ТС,1,0.18,,no 2025–2026 sales invoice
000483,FAC ESS HYDRO 24H REACTIVE SKIN 50mI,ТС,1,0.18,,no 2025–2026 sales invoice
000484,HA+ EYES AND LIPS TENSOR I' ULTI CORRECT,ТС,1,0.18,,no 2025–2026 sales invoice
000485,HA+ МULTI PROTECTOR CREAМ SPF30 50ml,ТС,1,0.18,,no 2025–2026 sales invoice
000486,HA+ MULTI RMUVENATING BOOSTER 50mI,ТС,1,0.18,,no 2025–2026 sales invoice
000487,SUN FACIAL SUNSCREEN SUPER FLUID SPF50 5,ТС,1,0.18,,no 2025–2026 sales invoice
000488,АНДРОГРАФИС ЕКСТРАКТ 30cps,АРТИКЛ,2,0.05,0,2025@5.00: 1; mex@5.00: 1
000489,БРОНХО ПРОТЕКТ 500ml,АРТИКЛ,2,0.05,0,2025@5.00: 404; 2026@5.00: 164; mex@5.00: 17
000490,ЕЛДЕРБЕРИЛ Имун сируп 500 мл.,АРТИКЛ,2,0.05,0,no 2025–2026 sales invoice
000492,АЛОЕ СОК со вкус на лимон 500 ml,АРТИКЛ,1,0.18,0,no 2025–2026 sales invoice
000493,ЕЛДЕРБЕРИЛ Имун сируп 500 мл. (сет 2+1),АРТИКЛ,2,0.05,,no 2025–2026 sales invoice
000497,"МАШРОМ КОМПЛЕКС  0,5 Л (сет 1+1)",АРТИКЛ,2,0.05,0,no 2025–2026 sales invoice
000498,ЕЛДЕРБЕРИЛ Имун сируп 500 мл. (сет 1+1),АРТИКЛ,2,0.05,,no 2025–2026 sales invoice
000499,АЛОЕ ВЕРА ГЕЛ СО РЕСВЕРАТРОЛ 1 Л(сет 1+1,АРТИКЛ,2,0.05,,no 2025–2026 sales invoice
000500,"НОНИ ЕКСТРАКТ 0,5Л (сет 1+1)",АРТИКЛ,2,0.05,0,no 2025–2026 sales invoice
000502,ВЕНОГЕЛ гел 100ml,АРТИКЛ,1,0.18,0,2025@18.00: 73; 2026@18.00: 27; mex@18.00: 14
000503,БРОНХО ПРОТЕКТ 250ml,АРТИКЛ,2,0.05,0,2025@5.00: 392; 2026@5.00: 144; mex@5.00: 12
000504,КУРКУМАКТИВ 500ml+250ml,АРТИКЛ,2,0.05,0,no 2025–2026 sales invoice
000505,Куркумактив 500мл х2 +Куркумак.250мл.х1,АРТИКЛ,2,0.05,0,no 2025–2026 sales invoice
000517,"Вит.Ц за возрасни 0,5ml.-сет2+1",АРТИКЛ,2,0.05,0,2025@5.00: 25; 2026@5.00: 8
000518,Витамин Ц со витамин Д3 за ДЕЦА 500 мл.,АРТИКЛ,2,0.05,0,2026@5.00: 2; mex@5.00: 1
000523,БИЛБЕРИ НАТУРА 30cps,АРТИКЛ,2,0.05,,2025@5.00: 27; 2026@0.00: 1; 2026@5.00: 26; mex@0.00: 1; mex@5.00: 9
000524,СПИРУЛИНА 100 tbl,АРТИКЛ,2,0.05,0,2025@5.00: 4; mex@5.00: 3
000528,БРОНХО ПРОТЕКТ 500ml (сет 2+1),АРТИКЛ,2,0.05,0,2025@5.00: 261; 2026@5.00: 108
000533,АВТОИМУНА ФОРМУЛА 30cps,АРТИКЛ,2,0.05,0,2025@5.00: 8; mex@5.00: 5
000535,Ролер за лице жад,ТС,1,0.18,0,no 2025–2026 sales invoice
000536,ГАСТРО ПРОТЕКТ 250 ml,АРТИКЛ,2,0.05,0,2025@5.00: 16; 2026@5.00: 2; mex@5.00: 3
000537,ПРОПОЛИС КАПКИ 5% - 50 ml,АРТИКЛ,2,0.05,0,2025@5.00: 2; mex@5.00: 1
000538,ХЕПАТОЛ 30cps-сет 2+1+Зелен чај,АРТИКЛ,2,0.05,0,no 2025–2026 sales invoice
000539,ДИАБЕ.30cps-сет 2+1+Билбери 30cps,АРТИКЛ,2,0.05,0,no 2025–2026 sales invoice
000540,"АЛОЕ РОЈАЛ 0,5 Л (сет 2+1)+Витамин Ц 0.5",АРТИКЛ,2,0.05,,no 2025–2026 sales invoice
000541,ТИГРОВА МАСТ 30ml,АРТИКЛ,1,0.18,,2025@18.00: 107; 2026@18.00: 4; mex@18.00: 12
000542,МЕНОПАУЗА КОМПЛЕКС 30cps,АРТИКЛ,2,0.05,,no 2025–2026 sales invoice
000543,МЕГА МУЛТИВИТАМИН 250 мл.,АРТИКЛ,2,0.05,0,2025@5.00: 82; 2026@5.00: 26; mex@5.00: 10
000550,Имуно буст ПОРТОКАЛ 500ml,АРТИКЛ,2,0.05,0,no 2025–2026 sales invoice
000551,МЕГА МУЛТИВИТАМИН 500мл.,АРТИКЛ,2,0.05,0,2025@5.00: 47; 2026@5.00: 30; mex@5.00: 11
000552,БРОНХО ПРОТЕКТ 500ml (сет 2+2),АРТИКЛ,2,0.05,0,no 2025–2026 sales invoice
000553,АЛОЕ ВЕРА ГЕЛ -АРОНИЈА 1Л-сет2+2,АРТИКЛ,2,0.05,0,no 2025–2026 sales invoice
000554,"КУРКУ.ЛИК. 0,5-сет1+1+Глукозамин",АРТИКЛ,2,0.05,0,no 2025–2026 sales invoice
000555,"АЛОЕ РОЈАЛ 0,5Л-сет2+2",АРТИКЛ,2,0.05,,no 2025–2026 sales invoice
000556,АЛОЕ В.ГЕЛ СО РЕСВ.1Л-сет2+2,АРТИКЛ,2,0.05,,no 2025–2026 sales invoice
000561,СПИРУЛИНА 150+150 tbl,АРТИКЛ,2,0.05,0,no 2025–2026 sales invoice
000562,АЛЕРГО ПРОТЕКТ 500мл.,АРТИКЛ,2,0.05,0,2025@5.00: 65; 2026@5.00: 35; mex@5.00: 10
000563,ХОЛЕСТОЛ КОМПЛЕКС 30+30 cps,АРТИКЛ,2,0.05,0,2025@5.00: 111; 2026@5.00: 22; mex@5.00: 4
000564,АЛОЕ РОЈАЛ 250 ml.,АРТИКЛ,2,0.05,0,2025@5.00: 35; mex@5.00: 6
000565,ГАСТРО АЛОЕ 500ml,АРТИКЛ,2,0.05,0,2025@5.00: 375; 2026@5.00: 160; mex@5.00: 18
000566,ИМУНО КИДС 500 мл.-сет2+1,АРТИКЛ,2,0.05,,no 2025–2026 sales invoice
000567,АЛЕРГО ПРОТЕКТ 500мл.-сет2+1,АРТИКЛ,2,0.05,,2025@5.00: 59; 2026@5.00: 23
000568,ГАСТРО ПРОТЕКТ 500ml,АРТИКЛ,2,0.05,0,2025@5.00: 388; 2026@5.00: 152; mex@5.00: 18
000574,Купон 101*39 мм 4/4,ТС,0,0.0,0,no 2025–2026 sales invoice
000575,КВЕРЦЕТИН 30cps,АРТИКЛ,2,0.05,0,2025@5.00: 5; mex@5.00: 4
000577,ВИТАМИН Ц 1Л СЕТ (2+1),АРТИКЛ,2,0.05,0,no 2025–2026 sales invoice
000583,ЧИА ТЕРАПИЈА со вит.Ц Диња 500ml,АРТИКЛ,1,0.18,0,2025@18.00: 140; 2026@18.00: 100; mex@18.00: 11
000584,ЧИА ТЕРАПИЈА со вит.Ц Лубеница 500ml,АРТИКЛ,1,0.18,0,2025@18.00: 154; 2026@18.00: 141; mex@18.00: 12
000585,БЈУТИ КОЛАГЕН 500мл,АРТИКЛ,2,0.05,0,2025@5.00: 256; 2026@5.00: 105; mex@5.00: 13
000590,КОЛАГЕН ЛИКВИД 250 мл 2+1 ВЕНОГЕЛ,АРТИКЛ,2,0.05,0,no 2025–2026 sales invoice
000591,PROSTA COMPLEKS cps 30,АРТИКЛ,0,0.0,0,2025@5.00: 2; mex@5.00: 1
000592,КУРКУМАКТИВ  250ml,АРТИКЛ,2,0.05,0,2025@5.00: 80; 2026@5.00: 38; mex@5.00: 11
000593,Д-МАНОЗА 30cps,АРТИКЛ,2,0.05,0,2025@5.00: 46; 2026@0.00: 1; 2026@5.00: 61; mex@0.00: 1; mex@5.00: 12
000594,УРО ПРОТЕКТ 30 cps,АРТИКЛ,2,0.05,0,2025@5.00: 78; 2026@5.00: 73; mex@5.00: 15
000595,Гастро протект+Гастро Алое 2+2,АРТИКЛ,2,0.05,0,2025@5.00: 85; 2026@5.00: 20
000596,АЛЕРГО ПРОТЕКТ 250мл.,АРТИКЛ,2,0.05,0,2025@5.00: 6; 2026@5.00: 1; mex@5.00: 5
000597,Витамин Ц за деца со Д3 250 мл.,АРТИКЛ,2,0.05,0,2025@5.00: 49; 2026@5.00: 12; mex@5.00: 11
000599,СЛЕЕП Мелатонин 60tbl,АРТИКЛ,2,0.05,0,2025@5.00: 5; mex@5.00: 3
000600,ДИАБЕТОЛ сет 2+2,АРТИКЛ,2,0.05,0,no 2025–2026 sales invoice
000601,ВИТАМИН Д3 60 tbl,АРТИКЛ,2,0.05,0,2025@5.00: 2
000602,ЦИНК 60tbl,АРТИКЛ,2,0.05,0,no 2025–2026 sales invoice
000603,ВИТАМИН Б6 60tbl,АРТИКЛ,2,0.05,0,2025@5.00: 3; 2026@5.00: 2; mex@5.00: 3
000604,Витамин Ц за ВОЗРАСНИ    250 мл.,АРТИКЛ,2,0.05,0,2025@5.00: 134; 2026@5.00: 93; mex@5.00: 14
000605,ТЕЧЕН КОЛАГЕН 250 мл.,АРТИКЛ,2,0.05,0,2025@5.00: 40; 2026@5.00: 6; mex@5.00: 9
000609,Сет Ливер детокс 90/1  2+1 Холестол 30/1,АРТИКЛ,2,0.05,0,2025@5.00: 39; 2026@5.00: 6
000610,МЕГА МУЛТИВИТ.0.5 Л.-сет2+1,АРТИКЛ,2,0.05,,2025@5.00: 19; 2026@5.00: 16
000611,СНАИЛ КОМПЛЕКС сет 2+2,АРТИКЛ,2,0.05,0,no 2025–2026 sales invoice
000612,ПРОСТАТОЛ КОМПЛЕКС сет 2+2,АРТИКЛ,2,0.05,0,no 2025–2026 sales invoice
000615,СЛИМ КОМПЛЕКС 30cps,АРТИКЛ,2,0.05,0,2025@5.00: 121; 2026@5.00: 103; mex@5.00: 7
000616,СЛИМ ФИБЕР 30cps,АРТИКЛ,2,0.05,0,2025@5.00: 92; 2026@5.00: 79; mex@5.00: 9
000617,СЛИМ КОМПЛЕКС 30 cps 1+1,ТС,2,0.05,0,no 2025–2026 sales invoice
000618,СЛИМ ФИБЕР  30 cps 1+1,ТС,2,0.05,0,no 2025–2026 sales invoice
000619,Слим комплекс+ Слим фибер 1+1 гратис,АРТИКЛ,2,0.05,0,2025@5.00: 6
000623,Слим комплекс+2хСлим Фибер,АРТИКЛ,2,0.05,0,2025@5.00: 6; 2026@5.00: 2
000636,БРАИН АКТИВ 30cps,АРТИКЛ,2,0.05,0,2025@5.00: 183; 2026@5.00: 139; mex@5.00: 19
000637,КУРКУМАКТИВ 500ml,АРТИКЛ,2,0.05,0,2025@5.00: 246; 2026@5.00: 264; mex@5.00: 18
000649,БРАИН ПРОТЕКТ 30cps-сет2+1,АРТИКЛ,2,0.05,0,2025@5.00: 65; 2026@5.00: 46
000650,КУРКУМАКТИВ 500ml-сет2+1,АРТИКЛ,2,0.05,0,2025@5.00: 125; 2026@5.00: 71
000652,ЧИА ТЕРАПИЈА со вит.Ц Jаболко 500ml,АРТИКЛ,1,0.18,,2025@18.00: 185; 2026@18.00: 148; mex@18.00: 12
000662,БЈУТИ КОЛАГЕН 500мл (сет 2+1),АРТИКЛ,2,0.05,0,no 2025–2026 sales invoice
000677,УРО ПРОТЕКТ + Д-МАНОЗА (СЕТ 2+2),АРТИКЛ,2,0.05,,2025@5.00: 50
000740,ПРОСТАТОЛ КОМПЛЕКС  30+30cps,АРТИКЛ,2,0.05,0,no 2025–2026 sales invoice
000741,ДИАБЕТОЛ ФОРТЕ 30+30cps,АРТИКЛ,2,0.05,0,2025@5.00: 176; 2026@5.00: 44; mex@5.00: 1
000742,БРАИН ПРОТЕКТ 30+30cps,АРТИКЛ,2,0.05,0,2025@5.00: 99; 2026@5.00: 25; mex@5.00: 2
000743,СНАИЛ КОМПЛЕКС 30+30cps,АРТИКЛ,2,0.05,0,2025@5.00: 5; mex@5.00: 2
000746,УРО ПРОТЕКТ 30+30 cps,АРТИКЛ,2,0.05,0,2025@5.00: 61; 2026@5.00: 8; mex@5.00: 1
000747,Д-МАНОЗА 30+30cps,АРТИКЛ,2,0.05,0,2025@5.00: 47; 2026@5.00: 2; mex@5.00: 3
000748,АВТОИМУНА ФОРМУЛА 30+30cps,АРТИКЛ,2,0.05,0,2025@5.00: 8; mex@5.00: 3
000749,РЕСВЕРАТРОЛ КОМПЛЕКС 30+30 cps,АРТИКЛ,2,0.05,0,2025@5.00: 26; mex@5.00: 3
000752,ОМЕГА 3 КАПКИ 30ml,АРТИКЛ,2,0.05,0,2025@5.00: 8; mex@5.00: 4
000757,ХОЛЕСТОЛ КОМПЛЕКС 30 cps,АРТИКЛ,2,0.05,0,2025@5.00: 41; 2026@5.00: 28; mex@5.00: 12
000760,ХОЛЕСТОЛ КОМПЛЕКС СЕТ (2+1),АРТИКЛ,2,0.05,0,2025@5.00: 65; 2026@5.00: 30
000762,ARGAN OIL,СУРОВИНА,0,0.0,0,2026@18.00: 1
000796,Имуно буст Капина/Лимон/Лимета 500ml,АРТИКЛ,2,0.05,0,2025@5.00: 128; 2026@5.00: 151; mex@5.00: 8
000797,Имуно буст ПОРТОКАЛ-АНАНАС 500ml,АРТИКЛ,2,0.05,0,2025@5.00: 155; 2026@5.00: 174; mex@5.00: 11
000802,РОЈАЛ ЖЕЛИ 30 cps,АРТИКЛ,2,0.05,0,2025@5.00: 1
000818,Имуно буст ПОРТОКАЛ-АНАНАС 250ml,АРТИКЛ,2,0.05,0,2025@5.00: 2; mex@5.00: 2
000820,Имуно буст КАПИНА 250ml,АРТИКЛ,2,0.05,0,2025@5.00: 2
000837,МЕЛЕМ ОРГАНИК 100 мл.,АРТИКЛ,1,0.18,0,no 2025–2026 sales invoice
000854,Енерги буст НАНЕ-ПРАСКА 250ml,АРТИКЛ,2,0.05,0,no 2025–2026 sales invoice
000858,Гастро алое+гастро протект  сет 1+1,АРТИКЛ,2,0.05,0,2025@5.00: 35; 2026@5.00: 17
000877,100% WHEY PROTEIN-COKOLADO 1kg,АРТИКЛ,2,0.05,0,2025@5.00: 1; 2026@5.00: 1; mex@5.00: 1
000882,ХЕПАТОЛ ФОРТЕ 30+30 cps,АРТИКЛ,2,0.05,0,2025@5.00: 64; 2026@5.00: 8; mex@5.00: 1
000889,ДИЕТ ШЕЈК Ванила 500g,АРТИКЛ,2,0.05,0,2025@5.00: 215; 2026@5.00: 149; mex@5.00: 11
000891,ДИЕТ ШЕЈК чоколадо 500 g,АРТИКЛ,2,0.05,0,2025@5.00: 225; 2026@5.00: 166; mex@5.00: 11
000893,ДИЕТ ШЕЈК Јагода 500g,АРТИКЛ,2,0.05,0,2025@5.00: 225; 2026@5.00: 198; mex@5.00: 13
000898,100% WHEY PROTEIN-VANILA 1kg,АРТИКЛ,2,0.05,0,2026@5.00: 1
000903,ХЕПАТОЛ ФОРТЕ 30 cps XXXXXX,АРТИКЛ,2,0.05,0,no 2025–2026 sales invoice
000906,СЛИМ БОКС ПАКЕТ,АРТИКЛ,1,0.18,0,2025@18.00: 3
000922,МЕГАМУЛТИВИТАМИН 30 cps,АРТИКЛ,2,0.05,0,no 2025–2026 sales invoice
000923,Л-КАРНИТИН  60 cps,АРТИКЛ,2,0.05,0,2025@5.00: 125; 2026@5.00: 59; mex@5.00: 13
000931,ДИЕТ БОКС ВАНИЛА,АРТИКЛ,1,0.18,,no 2025–2026 sales invoice
000932,ДИЕТ БОКС  ЈАГОДА,АРТИКЛ,1,0.18,0,no 2025–2026 sales invoice
000933,ДИЕТ БОКС ЧОКОЛАДО,АРТИКЛ,1,0.18,0,no 2025–2026 sales invoice
000940,ЦИНК 30 tbl,АРТИКЛ,2,0.05,0,2025@5.00: 221; 2026@0.00: 2; 2026@5.00: 440; mex@0.00: 2; mex@5.00: 15
000941,СЛЕЕП Мелатонин 30 tbl,АРТИКЛ,2,0.05,0,2025@5.00: 198; 2026@0.00: 2; 2026@5.00: 529; mex@0.00: 2; mex@5.00: 7
000942,ВИТАМИН Д3 30 tbl,АРТИКЛ,2,0.05,0,2025@5.00: 175; 2026@0.00: 2; 2026@5.00: 429; mex@0.00: 2; mex@5.00: 16
000944,ВИТАМИН Б6  30tbl,АРТИКЛ,2,0.05,0,2025@5.00: 147; 2026@0.00: 2; 2026@5.00: 339; mex@0.00: 2; mex@5.00: 15
000949,АРТРО БЛУ ГЕЛ 200 МЛ,АРТИКЛ,1,0.18,0,2025@18.00: 82; 2026@0.00: 2; 2026@18.00: 29; mex@0.00: 2; mex@18.00: 16
000953,КРЕАТИН во прав  200 гр.,АРТИКЛ,2,0.05,0,2025@5.00: 404; 2026@5.00: 741; mex@5.00: 14
000955,Л-ГЛУТАМИН во прав 200 гр.,АРТИКЛ,2,0.05,0,2025@5.00: 134; 2026@5.00: 147; mex@5.00: 11
000957,БЦАА  во прав 200 гр.,АРТИКЛ,2,0.05,0,2025@5.00: 155; 2026@5.00: 152; mex@5.00: 14
000961,100% WHEY PROTEIN-COKOLADO 1.5 kg,АРТИКЛ,2,0.05,0,no 2025–2026 sales invoice
000966,АРТРО БЛУ ГЕЛ 200 МЛ 1+1,АРТИКЛ,1,0.18,0,2025@18.00: 36; 2026@18.00: 24
000973,Спирулина во прав 100 гр,АРТИКЛ,2,0.05,0,2025@5.00: 1; mex@5.00: 1
000974,МАКС БРЕИН 200 гр,АРТИКЛ,2,0.05,0,2025@5.00: 55; 2026@5.00: 3; mex@5.00: 11
000980,ДИАБЕТОЛ ФОРТЕ 30cps (премиум),АРТИКЛ,2,0.05,0,no 2025–2026 sales invoice
000981,СНАИЛ КОМПЛЕКС cps 30 (премиум),АРТИКЛ,2,0.05,0,no 2025–2026 sales invoice
000982,Колаген Пептид со ВАНИЛА 200 гр,АРТИКЛ,2,0.05,0,2025@5.00: 499; 2026@5.00: 319; mex@5.00: 17
000987,БОНЕ ПРОТЕКТ 30 cps,АРТИКЛ,2,0.05,0,2025@5.00: 12; 2026@5.00: 1; mex@5.00: 7
000994,"АЛОЕ АРОНИЈА со ВИТ Ц ,Д3 И ЦИНК 500мл",АРТИКЛ,2,0.05,0,2025@5.00: 165; 2026@5.00: 280; mex@5.00: 15
000997,БОНЕ ПРОТЕКТ 30 cps (сет 2+1),АРТИКЛ,2,0.05,0,no 2025–2026 sales invoice
000998,100% WHEY PROTEIN-VANILA 1.5 kg,АРТИКЛ,2,0.05,,2026@5.00: 1; mex@5.00: 1
000999,Алое Аронија-со Вит Ц+Цинк 500 мл.(3+2),АРТИКЛ,2,0.05,0,2025@5.00: 14; 2026@5.00: 2
001000,МЕДИЦ.МАСАЖА,ТС,1,0.18,0,no 2025–2026 sales invoice
001001,DIATOL cps 30,АРТИКЛ,2,0.05,0,no 2025–2026 sales invoice
001002,PROSATOL 30 cps,АРТИКЛ,2,0.05,0,no 2025–2026 sales invoice
001003,"Алое 0.5 со Вит Ц,Д3,ZN,Х2+Вит.Б6 30 cps",С.ИНВЕНТАР,2,0.05,,2025@5.00: 5
001004,Бронхо протект 0.250 Х2+ Вит.Цинк 30 cps,АРТИКЛ,2,0.05,0,2025@5.00: 30; 2026@5.00: 5
001005,Холестол + Ресвератрол +Лист од маслинка,АРТИКЛ,2,0.05,0,no 2025–2026 sales invoice
001006,Снаил комплекс 30+30 cps+Глукоз.Сулфат,АРТИКЛ,2,0.05,0,2025@5.00: 364; 2026@5.00: 99
001007,СЕТ ДИЕТ ШЕЈК 2+ 1 СЛИМ КОМПЛЕКС,АРТИКЛ,2,0.05,0,no 2025–2026 sales invoice
001008,МЕЛЕМ  R&R 100 мл 1+1 гратис,АРТИКЛ,1,0.18,,no 2025–2026 sales invoice
001010,СЕТ ПРОСТАТОЛ 30+30 cps + ЦИНК 30,АРТИКЛ,2,0.05,0,2025@5.00: 373; 2026@5.00: 115
001019,CALM антистрес формула 30/1,АРТИКЛ,2,0.05,0,2025@5.00: 111; 2026@5.00: 114; mex@5.00: 13
001020,СЕТ CALM антистрес формула 2+1 гратис,АРТИКЛ,2,0.05,0,2025@5.00: 92; 2026@5.00: 25
001023,Колаген Пептид со МАЛИНА 200 гр,АРТИКЛ,2,0.05,0,2025@5.00: 487; 2026@5.00: 312; mex@5.00: 17
001026,ДР. СЛИМ 210 гр.,АРТИКЛ,2,0.05,0,2025@5.00: 29; 2026@5.00: 3; mex@5.00: 3
001027,Слим комплекс+ Слим фибер 2+2,АРТИКЛ,2,0.05,0,2025@5.00: 10
001028,ДР. СЛИМ (2+1),АРТИКЛ,2,0.05,,2025@5.00: 2
001033,ИЗО МАКС ЈАГОДА 250 гр,АРТИКЛ,2,0.05,,2025@5.00: 101; 2026@5.00: 28; mex@5.00: 8
001035,СЕТ ИЗО МАКС ЈАГОДА 250 гр 1+1,АРТИКЛ,2,0.05,0,2025@5.00: 4
001037,МЕЛЕМ  R&R 100 мл 2+1 гратис,АРТИКЛ,1,0.18,0,2025@18.00: 2
001038,МАКС БРЕИН 200 гр(2+1),АРТИКЛ,2,0.05,0,2025@5.00: 2
001039,СНАИЛ КРЕМА 100ml 1+1,АРТИКЛ,1,0.18,0,2025@18.00: 35; 2026@18.00: 12
001040,ВЕНОГЕЛ гел 100ml 1+1,АРТИКЛ,1,0.18,0,2025@18.00: 12; 2026@18.00: 6
001041,АВТОИМУНА ФОРМУЛА 30cps 2+1,АРТИКЛ,2,0.05,0,no 2025–2026 sales invoice
001042,Алое Аронија-со Вит Ц+Цинк 500 мл.(2+1),АРТИКЛ,2,0.05,0,no 2025–2026 sales invoice
001044,БИ ФИТ 100% WHEY protein cokolado 1.5 kg,АРТИКЛ,2,0.05,0,no 2025–2026 sales invoice
001045,БИ ФИТ 100% WHEY protein vanila 1.5 kg,АРТИКЛ,2,0.05,0,no 2025–2026 sales invoice
001046,БИ ФИТ КРЕАТИН ВО ПРАВ 200 гр,АРТИКЛ,2,0.05,0,no 2025–2026 sales invoice
001047,Whey Ванила 1.5 +бцаа+креатин+л глутaми,АРТИКЛ,2,0.05,0,no 2025–2026 sales invoice
001048,Whey Чокол 1.5 +бцаа+креатин+л глутaми,АРТИКЛ,2,0.05,0,no 2025–2026 sales invoice
001049,АЛОЕ 0.5 СО ЦИНК 4+1 гратис,АРТИКЛ,2,0.05,0,no 2025–2026 sales invoice
001054,ВИТАМИН Ц-1000  60 cps,АРТИКЛ,2,0.05,0,2025@5.00: 185; 2026@5.00: 155; mex@5.00: 15
001055,ALPHA  MALE 60 cps,АРТИКЛ,2,0.05,,2025@5.00: 162; 2026@5.00: 144; mex@5.00: 14
001058,ХЕМОРО ФОРТЕ 30 cps,АРТИКЛ,2,0.05,0,2025@5.00: 127; 2026@5.00: 69; mex@5.00: 15
001061,100% WHEY ЧОКОЛАДО 1.2 КГ,АРТИКЛ,2,0.05,0,2025@5.00: 101; 2026@5.00: 8; mex@5.00: 8
001062,100% WHEY ВАНИЛА  1.2 КГ,АРТИКЛ,2,0.05,0,2025@5.00: 103; 2026@5.00: 9; mex@5.00: 8
001071,ПАРА ДЕТОКС 30 cps,АРТИКЛ,2,0.05,0,2025@5.00: 58; 2026@5.00: 31; mex@5.00: 13
001072,ТУРМЕРИК КУРКУМИН 425 мл,АРТИКЛ,2,0.05,0,2025@5.00: 305; 2026@5.00: 103; mex@5.00: 16
001073,АШВАГАНДА  ЕКСТРАКТ 60/1 cps,АРТИКЛ,2,0.05,0,2025@5.00: 253; 2026@5.00: 304; mex@5.00: 8
001074,ЗЕЛЕН ЧАЈ ЕКСТРАКТ 60/1 cps,АРТИКЛ,2,0.05,,2025@5.00: 61; 2026@5.00: 40; mex@5.00: 11
001075,МАКА ЕКСТРАКТ 60/1 cps,АРТИКЛ,2,0.05,0,2025@5.00: 93; 2026@5.00: 99; mex@5.00: 8
001076,ТРИБУЛУС ТЕРЕСТРИС 60/1 cps,АРТИКЛ,2,0.05,0,2025@5.00: 113; 2026@5.00: 70; mex@5.00: 11
001078,ХИАЛУРОН 5  90 гр (1+1),АРТИКЛ,2,0.05,,2025@5.00: 2
001084,ПАРА ДЕТОКС 30cps (2+1),АРТИКЛ,2,0.05,0,2025@5.00: 18; 2026@5.00: 2
001087,100% WHEY ЧОКОЛАДО 500 гр,АРТИКЛ,2,0.05,0,2025@5.00: 287; 2026@5.00: 142; mex@5.00: 8
001088,100% WHEY ВАНИЛА 500 гр,АРТИКЛ,2,0.05,,2025@5.00: 256; 2026@5.00: 122; mex@5.00: 12
001110,ВИТАМИН Д3 180 tbl,АРТИКЛ,2,0.05,0,2025@5.00: 37; 2026@5.00: 3; mex@5.00: 5
001111,КИДС МУЛТИВИТАМИНС  60 tbl,АРТИКЛ,2,0.05,0,2025@5.00: 33; 2026@5.00: 1; mex@5.00: 6
001112,Колаген Пептид -ЧОКОЛАДО 200 гр,АРТИКЛ,2,0.05,,2025@5.00: 180; 2026@5.00: 61; mex@5.00: 12
001113,Колаген Пептид -БЕЗ ВКУС  200 гр,АРТИКЛ,2,0.05,0,2025@5.00: 294; 2026@5.00: 118; mex@5.00: 14
001126,КОЛАГЕН ЧОКОЛАДО 200 gr  1+1 гратис,АРТИКЛ,2,0.05,,2025@18.00: 1; 2025@5.00: 93; 2026@18.00: 1; 2026@5.00: 19
001127,КОЛАГЕН БЕЗ ВКУС 200 gr  1+1 гратис,АРТИКЛ,2,0.05,0,2025@5.00: 89; 2026@5.00: 23
001128,ВИТАМИН Ц 500 мг 60/1 таблети,АРТИКЛ,2,0.05,0,2025@5.00: 58; 2026@5.00: 165; mex@5.00: 9
001129,МАГНЕСИУМ 325 мг 60/1 таблети,АРТИКЛ,2,0.05,0,2025@5.00: 131; 2026@0.00: 2; 2026@5.00: 406; mex@0.00: 2; mex@5.00: 6
001132,Гумени бонбони Мелатонин 30/1,АРТИКЛ,2,0.05,0,2025@5.00: 26; 2026@5.00: 127; mex@5.00: 6
001133,Гумени бонбони Вит Д3  30/1,АРТИКЛ,2,0.05,0,2026@5.00: 103; mex@5.00: 2
001134,Гумени бонбони Ашваганда 30/1,АРТИКЛ,2,0.05,0,2025@5.00: 10; 2026@5.00: 154; mex@5.00: 4
001148,НЕУРО АКТИВ 60 cps 1+1 гратис,АРТИКЛ,2,0.05,0,no 2025–2026 sales invoice
001150,ОСТЕО ФИКС 180 tab,АРТИКЛ,2,0.05,0,2025@5.00: 54; 2026@5.00: 10; mex@5.00: 4
001151,ОСТЕО ФИКС 180/1 cps 1+1 гратис,АРТИКЛ,2,0.05,0,no 2025–2026 sales invoice
001152,ВИТАМИН Д3 90 tbl,АРТИКЛ,2,0.05,0,2025@5.00: 153; 2026@5.00: 128; mex@5.00: 10
001155,КИДС МУЛТИВИТАМИНС  120 tbl,АРТИКЛ,2,0.05,0,2025@5.00: 32; 2026@5.00: 5; mex@5.00: 5
001156,ЛИВЕР ДЕТОКС  90/1 cps,АРТИКЛ,2,0.05,0,2025@5.00: 121; 2026@5.00: 56; mex@5.00: 13
001158,ЛИВЕР ДЕТОКС  90/1 cps 1+1 гратис,АРТИКЛ,2,0.05,0,2025@5.00: 2; 2026@5.00: 2
001159,САМБУКУС сируп 250 мл,АРТИКЛ,2,0.05,0,2025@5.00: 102; 2026@5.00: 56; mex@5.00: 15
001160,САМБУКУС сируп 250 мл 2+1,АРТИКЛ,2,0.05,0,2025@5.00: 65; 2026@5.00: 19
001169,BRAINBOOSTER BLEND 240 gr.,АРТИКЛ,2,0.05,0,2025@5.00: 1; 2026@5.00: 1
001170,МАСС ГЕИНЕР 2 kг,АРТИКЛ,2,0.05,0,2025@5.00: 116; 2026@5.00: 62; mex@5.00: 11
001173,АМИНО ЕНЕРЏИ БУСТ 500 мл,АРТИКЛ,2,0.05,,2025@5.00: 53; 2026@5.00: 35; mex@5.00: 7
001183,A4 60 cps,АРТИКЛ,2,0.05,0,no 2025–2026 sales invoice
001184,ОСТЕО ФИКС 30 cps,АРТИКЛ,2,0.05,0,no 2025–2026 sales invoice
001185,Сет Турмерик 2+1 Неуроактив,АРТИКЛ,2,0.05,0,2025@5.00: 63
001187,АРТРОФЛЕКС 180 таблети,АРТИКЛ,2,0.05,0,2025@5.00: 32; 2026@5.00: 2; mex@5.00: 3
001194,Сет Алое 1л+Сабукус+Бронхо+Д3 90/1+Ц 60,АРТИКЛ,2,0.05,0,2025@5.00: 2
001200,ФЕММЕ 7 60 cps,АРТИКЛ,2,0.05,0,2025@5.00: 157; 2026@0.00: 1; 2026@5.00: 108; mex@0.00: 1; mex@5.00: 16
001201,КУРКУМАКТИВ 250 мл 2+1 СНАИЛ КРЕМА,АРТИКЛ,2,0.05,0,2025@5.00: 18; 2026@5.00: 6
001202,ФЕММЕ 7 60/1   1+1 ГРАТИС,АРТИКЛ,2,0.05,0,2025@5.00: 49; 2026@5.00: 19
001203,СЕТ 2 -КРЕАТИН +1 Л-ГЛУТАМИН,АРТИКЛ,2,0.05,0,2025@5.00: 8
001204,СЕТ КОЛАГЕН ПЕПТИД МАЛИНА 1+1,АРТИКЛ,2,0.05,0,2025@5.00: 265; 2026@5.00: 58
001206,Л-ГЛУТАМИН (2+1),АРТИКЛ,2,0.05,,2025@5.00: 2
001214,ГЛУКАТОЛ 180/1 cps,АРТИКЛ,2,0.05,0,2025@5.00: 41; 2026@5.00: 15; mex@5.00: 5
001216,Артрофлекс 180/1+ Артрофлекс крем 100мл,АМБАЛАЖА,2,0.05,0,2025@5.00: 40
001217,ТУРМЕРИК БООСТ 500 мл,АРТИКЛ,2,0.05,0,2025@18.00: 6; 2025@5.00: 81; 2026@5.00: 118; mex@5.00: 9
001220,ИЗО МАКС ЈАГОДА 2+1,АРТИКЛ,2,0.05,,2025@5.00: 10; 2026@5.00: 3
001223,HYALURONIC ACID & COLLAGEN MATRIX,АРТИКЛ,2,0.05,0,2025@5.00: 110; 2026@5.00: 36; mex@5.00: 13
001225,ДР.СЛИМ 90 цпс,АРТИКЛ,2,0.05,,2025@5.00: 88; 2026@0.00: 1; 2026@5.00: 77; mex@0.00: 1; mex@5.00: 10
001226,ДР.СЛИМ-растителен+Др.СЛИМ 90 цпс,АРТИКЛ,2,0.05,,2025@5.00: 30; 2026@5.00: 11
001227,НУТРИ ШЕЈК-со вкус на ванила 500 гр.,АРТИКЛ,2,0.05,,2025@5.00: 214; 2026@5.00: 210; mex@5.00: 15
001228,НУТРИ ШЕЈК-со вкус на чоколадо 500 гр.,АРТИКЛ,2,0.05,0,2025@5.00: 208; 2026@5.00: 213; mex@5.00: 14
001229,НУТРИ ШЕЈК-со вкус на јагода 500 гр.,АРТИКЛ,2,0.05,,2025@5.00: 212; 2026@5.00: 172; mex@5.00: 13
001230,ДР.СЛИМ РАСТИТЕЛЕН 210 гр,АРТИКЛ,2,0.05,,2025@5.00: 58; 2026@0.00: 1; 2026@5.00: 58; mex@0.00: 1; mex@5.00: 11
001232,БИЛБЕРИ 90/1 таблети,АРТИКЛ,2,0.05,,2025@5.00: 30; 2026@5.00: 27; mex@5.00: 8
001233,Сет Колаген пептид 3+1Д3 90+1 хиал.серум,АРТИКЛ,2,0.05,,2025@5.00: 23
001239,АРТРО ФЛЕКС 100мл,АРТИКЛ,1,0.18,0,2025@18.00: 53; 2026@18.00: 5; mex@18.00: 7
001246,COLLAGEN FACE SERUM 30 ml KS,АРТИКЛ,1,0.18,0,2025@18.00: 3; mex@18.00: 2
001247,Сет АЛФА МАЛЕ 2+1 ТРИБУЛУС 60/1,АРТИКЛ,2,0.05,0,2025@5.00: 22; 2026@5.00: 2
001250,ПРОТЕИНСКИ СЛАДОЛЕД ВАНИЛА 200 гр,АРТИКЛ,2,0.05,0,2025@5.00: 35; 2026@5.00: 68; mex@5.00: 3
001251,Mаска за усни BUBBLE EM&LS,АРТИКЛ,1,0.18,0,2025@18.00: 27; 2026@18.00: 2
001252,Mаска за усни APRICOT  EM&LS,АРТИКЛ,1,0.18,,2025@18.00: 24; 2026@18.00: 1
001253,Mаска за усни  HONEY EM&LS,АРТИКЛ,1,0.18,0,2025@18.00: 23; 2026@18.00: 1
001259,ОСTЕО ФИКС 180/1 2+1,АРТИКЛ,2,0.05,0,2025@5.00: 3
001260,Глукатол 1+Билбери 60/1- 1+ Цинк 30/1-1,АРТИКЛ,2,0.05,0,2025@5.00: 3
001261,КРЕАТИН во прав со вкус на малина 300 гр,АРТИКЛ,2,0.05,0,2025@5.00: 53; 2026@5.00: 3; mex@5.00: 4
001262,SLIM BOOSTER +210 gr,АРТИКЛ,2,0.05,0,2025@5.00: 1
001265,O CAPS 15/1,АРТИКЛ,2,0.05,0,no 2025–2026 sales invoice
001266,PARA CAPS 15/1,АРТИКЛ,2,0.05,0,no 2025–2026 sales invoice
001267,U CAPS 15/1,АРТИКЛ,2,0.05,0,no 2025–2026 sales invoice
001268,HYPER CAPS 15/1,АРТИКЛ,2,0.05,0,no 2025–2026 sales invoice
001269,DIA CAPS,АРТИКЛ,2,0.05,0,no 2025–2026 sales invoice
001270,TESTO Y 15/1,АРТИКЛ,2,0.05,0,no 2025–2026 sales invoice
001271,QUICKLY FITNESS 15/1,АРТИКЛ,2,0.05,0,no 2025–2026 sales invoice
001273,PRO CAPS 15/1,АРТИКЛ,2,0.05,0,no 2025–2026 sales invoice
001277,NATURAL FIBER 100% 210 gr,АРТИКЛ,2,0.05,0,2025@5.00: 52; 2026@5.00: 20; mex@5.00: 5
001286,PROSTA FLOW 30 cps,АРТИКЛ,2,0.05,0,no 2025–2026 sales invoice
001287,SLIM RUSH 30 cps,АРТИКЛ,2,0.05,0,no 2025–2026 sales invoice
001288,ENDURO MAX 30 cps,АРТИКЛ,2,0.05,0,no 2025–2026 sales invoice
001291,CARDIOFIX BIONATURAL 30 cps,АРТИКЛ,2,0.05,,2025@5.00: 1; 2026@0.00: 2; 2026@5.00: 12; mex@0.00: 2; mex@5.00: 4
001293,NATURAL LAXATIVE 100% 90/1 cps,АРТИКЛ,2,0.05,0,2025@5.00: 52; 2026@5.00: 21; mex@5.00: 5
001298,ТУРМЕРИК 425мл  1+1 НЕУРО АКТИВ,АРТИКЛ,2,0.05,0,2025@5.00: 2; 2026@5.00: 2
001303,СЕТ Д-маноза 60/1+УРО протект 60/1,АРТИКЛ,2,0.05,0,2025@5.00: 24
001304,СЕТ НУТРИ ШЕЈК ЈАГОДА 2+1,АРТИКЛ,2,0.05,0,2025@18.00: 1; 2025@5.00: 16; 2026@5.00: 5
001305,СЕТ НУТРИ ШЕЈК ВАНИЛА 2+1,АРТИКЛ,2,0.05,0,2025@5.00: 6; 2026@5.00: 3
001311,ВЕНО ГАРД 30 cps,АРТИКЛ,2,0.05,0,2025@5.00: 8; 2026@5.00: 26; mex@5.00: 7
001312,SLIM FIT BIONATURAL 30/1,АРТИКЛ,2,0.05,0,2025@5.00: 1; 2026@0.00: 2; 2026@5.00: 11; mex@0.00: 2; mex@5.00: 4
001313,ARTHRO FIX BIONATURAL 30/1,АРТИКЛ,2,0.05,,2025@5.00: 2; 2026@0.00: 3; 2026@5.00: 12; mex@0.00: 2; mex@5.00: 5
001314,GLUCO FIX BIONATURAL30/1,АРТИКЛ,2,0.05,0,2025@5.00: 1; 2026@0.00: 3; 2026@5.00: 11; mex@0.00: 2; mex@5.00: 4
001315,ALPHA MALE BIONATURAL 30/1,АРТИКЛ,2,0.05,0,2025@5.00: 1; 2026@0.00: 2; 2026@5.00: 11; mex@0.00: 2; mex@5.00: 4
001316,BRAIN FIX BIONATURAL 30/1,АРТИКЛ,2,0.05,0,2026@5.00: 5; mex@5.00: 3
001317,PROSTA FIX BIONATURAL 30 cps,АРТИКЛ,2,0.05,0,2025@5.00: 2; 2026@0.00: 2; 2026@5.00: 12; mex@0.00: 2; mex@5.00: 6
001318,100% WHEY ВАНИЛА 2000 гр,АРТИКЛ,2,0.05,0,2025@5.00: 68; 2026@5.00: 99; mex@5.00: 4
001319,100% WHEY ЧОКОЛАДО 2000 гр,АРТИКЛ,2,0.05,0,2025@5.00: 72; 2026@5.00: 154; mex@5.00: 3
001331,PRE WORKOUT POWDER 200 gr,АРТИКЛ,2,0.05,0,2025@5.00: 33; 2026@5.00: 47; mex@5.00: 2
001333,SHILAJIT 60 cps,АРТИКЛ,2,0.05,0,2025@5.00: 36; 2026@5.00: 39; mex@5.00: 6
001335,TONGAKT ALI 60 cps,АРТИКЛ,2,0.05,0,2025@5.00: 26; 2026@5.00: 23; mex@5.00: 4
001338,NMN V&R 30/1 cps,АРТИКЛ,2,0.05,0,2025@5.00: 2
001339,СЕТ ЛАКСАТИВ,АРТИКЛ,2,0.05,0,2026@5.00: 4
001398,Дизајн на штанц форма,АРТИКЛ,1,0.18,0,no 2025–2026 sales invoice
001403,TESTO MAX  30 cps,АРТИКЛ,2,0.05,0,no 2025–2026 sales invoice
001404,ACTIVE PRO 30 cps,АРТИКЛ,2,0.05,0,no 2025–2026 sales invoice
001405,HULK - Bulking Combo,АРТИКЛ,2,0.05,0,2025@5.00: 23
001406,TERMINATOR - Shredded Combo,АРТИКЛ,2,0.05,0,2025@5.00: 33; 2026@5.00: 7; mex@5.00: 1
001407,FIT&LEAN - Weight loss Combo,АРТИКЛ,2,0.05,0,2025@5.00: 20; 2026@5.00: 1
001409,VIDA LOCA 50 ml sprej,АРТИКЛ,1,0.18,0,no 2025–2026 sales invoice
001427,МАЧА со КОЛАГЕН 175 гр,АРТИКЛ,2,0.05,0,2025@5.00: 33; 2026@5.00: 188; mex@5.00: 3
001436,OXI JET POWER 1+1,АРТИКЛ,1,0.18,0,no 2025–2026 sales invoice
001438,OXI JET POWER 8 L,АРТИКЛ,1,0.18,0,2025@18.00: 25; 2026@18.00: 42; mex@18.00: 1
001439,ANTI CHOKING DIVICE MASK,АРТИКЛ,1,0.18,0,2026@18.00: 39
001443,DIASTOP PLUS 30 cps,АРТИКЛ,2,0.05,0,no 2025–2026 sales invoice
001444,CALMO PLUS 30 cps,АРТИКЛ,2,0.05,0,no 2025–2026 sales invoice
001445,NMN 60/1 cps,АРТИКЛ,2,0.05,0,2026@5.00: 40; mex@5.00: 1
001446,CELLU LIFT GEL 50 ml,АРТИКЛ,1,0.18,0,no 2025–2026 sales invoice
001461,МАШИНКА ЗА НЕС,АРТИКЛ,1,0.18,,2026@18.00: 1
001462,БРОНХО ПРОТЕКТ ФОРТЕ 500 мл,АРТИКЛ,2,0.05,0,2026@5.00: 66; mex@5.00: 3
001463,Налепница Бронхо Протект Форте 500 мл пр,АРТИКЛ,1,0.18,0,no 2025–2026 sales invoice
001467,НУТРИ СУПА ДОМАТ 500 гр,АРТИКЛ,2,0.05,0,2026@5.00: 63; mex@5.00: 3
001468,НУТРИ СУПА РАСТИТЕЛЕН МИКС 500 гр,АРТИКЛ,2,0.05,0,2026@5.00: 75; mex@5.00: 4
001469,ДР.СЛИМ СУПА ДОМАТ 500 гр,АРТИКЛ,2,0.05,0,no 2025–2026 sales invoice
001470,ДР СЛИМ СУПА РАСТИТЕЛЕН МИКС 500 гр,АРТИКЛ,2,0.05,0,no 2025–2026 sales invoice
001471,КОМПИРОВО БРАШНО,АРТИКЛ,3,0.1,0,no 2025–2026 sales invoice
001472,СУШЕН ДОМАТ ВО ПРАВ,АРТИКЛ,2,0.05,0,2026@5.00: 1
001493,CYSTI CARE 30/1 cps,АРТИКЛ,2,0.05,0,no 2025–2026 sales invoice
001497,GASTRO ZEN 15/1 cps,АРТИКЛ,2,0.05,0,2026@5.00: 1
001498,CY RELIEF 10/1 cps,АРТИКЛ,2,0.05,0,2026@5.00: 1
001515,GASTRO COMFORT 30/1 cps,АРТИКЛ,2,0.05,0,no 2025–2026 sales invoice
001524,B6 180/1 tab BIONATURAL,АРТИКЛ,2,0.05,0,2026@0.00: 1; 2026@5.00: 7; mex@0.00: 1; mex@5.00: 2
001525,D3 180/1 tab BIONATURAL,АРТИКЛ,2,0.05,0,2026@0.00: 2; 2026@5.00: 9; mex@0.00: 2; mex@5.00: 2
001526,ZINC 180/1 tab BIONATURAL,АРТИКЛ,2,0.05,0,2026@0.00: 2; 2026@5.00: 9; mex@0.00: 1; mex@5.00: 2
001527,ВИТАМИН Д3 365/1 таб,АРТИКЛ,2,0.05,0,2026@5.00: 84; mex@5.00: 2
001528,ВИТАМИН Б6 365/1 таб,АРТИКЛ,2,0.05,0,2026@5.00: 53; mex@5.00: 1
001529,ZINC  365 tbl,АРТИКЛ,2,0.05,0,2026@5.00: 73; mex@5.00: 5
001530,МЕЛАТОНИН 365/1 таб,АРТИКЛ,2,0.05,0,2026@5.00: 57; mex@5.00: 6
001535,ALPHA MALE 60/1 Kosovo,АРТИКЛ,2,0.05,0,no 2025–2026 sales invoice
001536,PARAFIX BIONATURAL 30/1cps,АРТИКЛ,2,0.05,0,2026@0.00: 3; 2026@5.00: 10; mex@0.00: 2; mex@5.00: 3
001537,LIVERFIX BIONATURAL 30/1 cps,АРТИКЛ,2,0.05,0,2026@0.00: 1; 2026@5.00: 5; mex@5.00: 1
001538,UROFIX BIONATURAL 30/1,АРТИКЛ,2,0.05,0,2026@0.00: 3; 2026@5.00: 10; mex@0.00: 2; mex@5.00: 3
001539,NEUROFIX BIONATURAL 30/1,АРТИКЛ,2,0.05,0,2026@0.00: 2; 2026@5.00: 10; mex@0.00: 2; mex@5.00: 3
001540,HEMOROFIX BIONATURAL 30/1,АРТИКЛ,2,0.05,0,2026@0.00: 1; 2026@5.00: 8; mex@0.00: 1; mex@5.00: 3
001545,ЦИНК АД АСТРА 30/1 таб,АРТИКЛ,2,0.05,0,no 2025–2026 sales invoice
001546,ВИТАМИН Б6 АД АСТРА 30/1,АРТИКЛ,2,0.05,0,no 2025–2026 sales invoice
001547,ВИТАМИН Д3 АД АСТРА  30/1таб,АРТИКЛ,2,0.05,0,no 2025–2026 sales invoice
001548,МЕЛАТОНИН АД АСТРА 30/1 таб,АРТИКЛ,2,0.05,0,no 2025–2026 sales invoice
001557,Мултивитамини за Жени 180/1 таб 750 мг,АРТИКЛ,2,0.05,0,no 2025–2026 sales invoice
001558,МУЛТИВИТАМИНИ ЗА МАЖИ 180/1 таб 750мг,АРТИКЛ,2,0.05,0,no 2025–2026 sales invoice
001559,МУЛТИВИТАМИНИ ЗА ДЕЦА 365/1 таб 250мг,АРТИКЛ,2,0.05,0,no 2025–2026 sales invoice
001565,ТИГРОВА МАСТ 50 мл,АРТИКЛ,1,0.18,0,2026@18.00: 24; mex@18.00: 2
001566,ИМОРТЕЛЛЕ КРЕМ 50 мл,АРТИКЛ,1,0.18,0,2026@18.00: 20; mex@18.00: 1
001571,MAGNESIUM CITRAT 325mg 150/1 tab,АРТИКЛ,2,0.05,0,2026@0.00: 1; 2026@5.00: 455; mex@5.00: 6
001573,MAGNESIUM+ B6 150/1 tab,АРТИКЛ,2,0.05,0,2026@5.00: 121; mex@5.00: 2
001575,MAGNESIUM +ZINC+B complex 120/1tab,АРТИКЛ,2,0.05,0,2026@5.00: 159; mex@5.00: 5
001581,CYSTOFF 30/1 cps,АРТИКЛ,2,0.05,0,no 2025–2026 sales invoice
001582,PARA CLEAN 30/1 cps,АРТИКЛ,2,0.05,0,no 2025–2026 sales invoice
001583,GLAMOUR ROOTS 30/1 cps,АРТИКЛ,2,0.05,0,no 2025–2026 sales invoice
001584,ADENOFRIN 20/1 cps,АРТИКЛ,2,0.05,0,2026@0.00: 3; 2026@5.00: 9; mex@0.00: 2; mex@5.00: 3
001586,КОЛАГЕН ПЕПТИД ЧОКОЛАДО 400 гр,АРТИКЛ,2,0.05,0,no 2025–2026 sales invoice
001588,КОЛАГЕН ПЕПТИД ВАНИЛА 400 гр,АРТИКЛ,2,0.05,0,no 2025–2026 sales invoice
001590,КОЛАГЕН ПЕПТИД МАЛИНА 400гр,АРТИКЛ,2,0.05,0,no 2025–2026 sales invoice
001592,Л-ГЛУТАМИНЕ 400 гр,АРТИКЛ,2,0.05,0,no 2025–2026 sales invoice
001595,100 %WHEY Чоколадо 400 гр,АРТИКЛ,2,0.05,0,2026@5.00: 56
001597,МАЧА СО КОЛАГЕН 400 гр,АРТИКЛ,2,0.05,0,no 2025–2026 sales invoice
001599,КРЕАТИН ВО ПРАВ 400 гр,АРТИКЛ,2,0.05,0,no 2025–2026 sales invoice
001600,EISEN+B9+B12 250/1 tab,АРТИКЛ,2,0.05,0,no 2025–2026 sales invoice
001601,MASS GAINER 3 kg,АРТИКЛ,2,0.05,0,2026@5.00: 22
001618,ZINK+VITC+D3 150/1tab,АРТИКЛ,2,0.05,,no 2025–2026 sales invoice
001619,ZINC+CHROM 250/tab,АРТИКЛ,2,0.05,0,2026@5.00: 22
001620,IODINE+SELEN 250/1 tab,АРТИКЛ,2,0.05,0,no 2025–2026 sales invoice
001621,MANGAN+KUPFER+SELEN 250/1 tab,АРТИКЛ,2,0.05,0,no 2025–2026 sales invoice
001622,ZINC+SELEN+D3 250/1tab,АРТИКЛ,2,0.05,0,no 2025–2026 sales invoice
001625,100 %WHEY без вкус 400 гр,АРТИКЛ,2,0.05,0,no 2025–2026 sales invoice
001627,VITAMIN D3+K2+BOR 365/1 tab,АРТИКЛ,2,0.05,0,no 2025–2026 sales invoice
001630,VITAMIN D3+K2+BOR 180/1 tab,АРТИКЛ,2,0.05,0,2026@5.00: 121; mex@5.00: 3
001635,МЕЛЕМ R&R 30 мл,АРТИКЛ,1,0.18,0,2026@18.00: 7; mex@18.00: 3
001637,100% WHEY ВАНИЛА 400 gr,АРТИКЛ,2,0.05,0,2026@5.00: 39
001641,MAGNESIUM GEL 50 ml,АРТИКЛ,1,0.18,0,2026@18.00: 86; mex@18.00: 2
001649,ZEN LIGHT 30/1 cps,АРТИКЛ,2,0.05,0,no 2025–2026 sales invoice
001653,ELIXY AFTER SUN ALOE GEL 100ml,АРТИКЛ,1,0.18,0,2026@18.00: 22
001654,ZINC 120/1 tab fizicki,АРТИКЛ,2,0.05,0,2026@5.00: 4; mex@5.00: 2
001659,MAGNESIUM BISGLYCINATE 120/1 tab,АРТИКЛ,2,0.05,0,2026@5.00: 105; mex@5.00: 2
001660,VITAMIN B6 120/1 tab,АРТИКЛ,2,0.05,0,2026@5.00: 61
001661,VITAMIN D3 120/1 tab,АРТИКЛ,2,0.05,0,2026@5.00: 73
001662,MELATONIN 1mg 120/1 tab,АРТИКЛ,2,0.05,0,2026@5.00: 48
001666,VITAMIN D3 120/1 tab fizicki,АРТИКЛ,2,0.05,0,2026@5.00: 2; mex@5.00: 1
001668,VITAMIN B6 120/1 tab fizicki,АРТИКЛ,2,0.05,0,no 2025–2026 sales invoice
001670,ZINC 120/1 tab,АРТИКЛ,2,0.05,0,2026@5.00: 66
001671,COLLAGEN & COCONUT WATER 200gr,АРТИКЛ,2,0.05,0,2026@5.00: 28
001684,NIGHT BURN 200 gr,АРТИКЛ,2,0.05,0,2026@5.00: 9
001690,Dr Becker GlucoCare 20/1 cps,АРТИКЛ,2,0.05,0,no 2025–2026 sales invoice
001691,Dr Becker ProstaCare 20/1 cps,АРТИКЛ,2,0.05,0,no 2025–2026 sales invoice
001692,Dr Becker NeuroCare 20/1 cps,АРТИКЛ,2,0.05,0,no 2025–2026 sales invoice
001693,Dr Becker MenCare 20/1 cps,АРТИКЛ,2,0.05,0,no 2025–2026 sales invoice
001694,VITAMIN B12 120/1 tab,АРТИКЛ,2,0.05,0,no 2025–2026 sales invoice
001700,MAGNESIUM CITRAT 325mg 60/1 tab,АРТИКЛ,2,0.05,0,no 2025–2026 sales invoice
002000,Гел за миење лице Anti poluttion,ТС,1,0.18,,no 2025–2026 sales invoice
002001,Тоник за миење лице Anti poluttion,ТС,1,0.18,,no 2025–2026 sales invoice
002002,Крема за раце со невен,ТС,1,0.18,,no 2025–2026 sales invoice
002003,Дневна крема за лице за сува кожа,ТС,1,0.18,,no 2025–2026 sales invoice
002004,Ноќна крема за лице за сува кожа,ТС,1,0.18,,no 2025–2026 sales invoice
002005,Дневна креме за лице од бадем,ТС,1,0.18,,no 2025–2026 sales invoice
002006,Дневна крема против брчки,ТС,1,0.18,,no 2025–2026 sales invoice
002007,Дневна крема против брчки Q10,ТС,1,0.18,,no 2025–2026 sales invoice
002008,Ноќна крема против брчки за зрела кожа,ТС,1,0.18,,no 2025–2026 sales invoice
002009,Околуочна крема против брчки,ТС,1,0.18,,no 2025–2026 sales invoice
002010,Интензивен серум против брчки,ТС,1,0.18,,no 2025–2026 sales invoice
002011,Маска за лице против брчки за зрела кожа,ТС,1,0.18,,no 2025–2026 sales invoice
002012,Ноќен серум AHA (со овошни киселини),ТС,1,0.18,,no 2025–2026 sales invoice
002013,7 дневна терапија против брчки 7 Ампули,ТС,1,0.18,,no 2025–2026 sales invoice
002014,100% масло од арган,ТС,1,0.18,,no 2025–2026 sales invoice
002015,Зашти.хидрат. дневна крема за лице,ТС,1,0.18,,no 2025–2026 sales invoice
002016,24H Хидратантен флуид за лице,ТС,1,0.18,,no 2025–2026 sales invoice
002017,“Специjалист” стик против акни,ТС,1,0.18,0,no 2025–2026 sales invoice
002018,ИЗМИВ.ПЕНА ЗА ЧУВСТ.КОЖА,ТС,1,0.18,0,no 2025–2026 sales invoice
002019,ВОДА ЗА ЛИЦЕ-чувс.кожа,ТС,1,0.18,,no 2025–2026 sales invoice
002020,24-часовна КРЕМА,ТС,1,0.18,,no 2025–2026 sales invoice
002021,ОКОЛУОЧНА КРЕМА-чув.кожа,ТС,1,0.18,,no 2025–2026 sales invoice
002022,СЕРУМ за чувствителна кожа,ТС,1,0.18,,no 2025–2026 sales invoice
002023,БИО ЗЕЛЕН ЧАЈ блескав Флуид,ТС,1,0.18,,no 2025–2026 sales invoice
002024,МАСКА за чувствителна кожа,ТС,1,0.18,,no 2025–2026 sales invoice
002025,АСАИ ИЗМИ. ГЕЛ за комбинирана кожа,ТС,1,0.18,,no 2025–2026 sales invoice
002026,24-часовна КРЕМА за ком.кожа,ТС,1,0.18,,no 2025–2026 sales invoice
002027,СЕРУМ за комбинирана кожа,ТС,1,0.18,,no 2025–2026 sales invoice
002028,ОКО. КРЕМ-ГЕЛ за ком.кожа,ТС,1,0.18,,no 2025–2026 sales invoice
002029,АСАИ-МАСКА за комбинирана кожа,ТС,1,0.18,,no 2025–2026 sales invoice
002030,SOS флуид против акни,ТС,1,0.18,,no 2025–2026 sales invoice
002031,24H Крема нега на лице,ТС,1,0.18,,no 2025–2026 sales invoice
002032,Балс.за усни со мас.од канабис- Hemp,ТС,1,0.18,0,no 2025–2026 sales invoice
002033,Серум интензивен - Oil Serum hemp,ТС,1,0.18,,no 2025–2026 sales invoice
002034,Околуочна крема со коноп,ТС,1,0.18,,no 2025–2026 sales invoice
002035,Био мицеларна вода со коноп,ТС,1,0.18,0,no 2025–2026 sales invoice
002036,КРЕМА ПРОТ.БРЧКИ-ЗРЕЛА КОЖА 50мл,ТС,1,0.18,0,no 2025–2026 sales invoice
002037,РЕГ.КРЕМА ЗА МНОГУ СУВА КОЖА 50мл,ТС,1,0.18,,no 2025–2026 sales invoice
002038,КРЕМА ЗА УМОРНА КОЖА 50мл,ТС,1,0.18,,no 2025–2026 sales invoice
002039,КРЕМ ЗА СИТЕ ТИПОВИ НА КОЖА 50мл,ТС,1,0.18,,no 2025–2026 sales invoice
002040,ДНЕВНА И НОЌНА КРЕМА 50 мл,ТС,1,0.18,,no 2025–2026 sales invoice
002041,МУЛТИХИДРАТАНТНА КРЕМА 50мл,ТС,1,0.18,,no 2025–2026 sales invoice
002042,ПОТХРА.КРЕМА ЗА ЛИЦЕ 50 мл,ТС,1,0.18,,no 2025–2026 sales invoice
002043,КРЕМА ОКОЛУ ОЧИ КОКОС 20мл,ТС,1,0.18,,no 2025–2026 sales invoice
002044,КРЕМ ЗА РАЦЕ-МАСЛИНКА 100мл,ТС,1,0.18,,no 2025–2026 sales invoice
002045,КРЕМ ЗА РАЦЕ-КОЗ.МЛЕКО 100мл,ТС,1,0.18,,no 2025–2026 sales invoice
002046,КРЕМ ЗА РАЦЕ-КАМИЛИЦА 100мл,ТС,1,0.18,,no 2025–2026 sales invoice
002047,КРЕМ ЗА РАЦЕ-БИО АРГАН 100мл,ТС,1,0.18,,no 2025–2026 sales invoice
002048,ЗАГРЕВАЧК.ГЕЛ ЗА ТЕЛО 400мл,ТС,1,0.18,,no 2025–2026 sales invoice
002049,ХИДРАТ.ГЕЛ ЗА ЛИЦЕ И ТЕЛО 400мл,ТС,1,0.18,,no 2025–2026 sales invoice
002050,ПИЛИН ЗА ТЕЛО-КОКОС 75 мл,ТС,1,0.18,,no 2025–2026 sales invoice
002051,БИОАКТИВ.ШАМП.-ЧИЧАК 150мл,ТС,1,0.18,,no 2025–2026 sales invoice
002052,ЧДК БЈАНКА КРЕМА 100мл,ТС,1,0.18,,no 2025–2026 sales invoice
002053,ЧДК БЈАНКА КРЕМА 75мл,ТС,1,0.18,,no 2025–2026 sales invoice
002054,ЧДК РОСА КРЕМА 100мл,ТС,1,0.18,,no 2025–2026 sales invoice
002055,ЧДК РОСА КРЕМА  75 мл,ТС,1,0.18,,no 2025–2026 sales invoice
002056,ШАМП.ПРОТИВ ОПАЃАЊЕ 250мл,ТС,1,0.18,,no 2025–2026 sales invoice
002057,ШАМП.ПРОТИВ МАСТЕЊЕ 250мл,ТС,1,0.18,,no 2025–2026 sales invoice
002058,ШАМП.ПРОТИВ ПРВУТ 250мл,ТС,1,0.18,,no 2025–2026 sales invoice
002060,СИЛВЕР МОЛИВ ЗА УСНИ 31,ТС,1,0.18,,no 2025–2026 sales invoice
002061,СИЛВЕР МОЛИВ ЗА УСНИ 32,ТС,1,0.18,,no 2025–2026 sales invoice
002062,СИЛВЕР МОЛИВ ЗА УСНИ 33,ТС,1,0.18,,no 2025–2026 sales invoice
002063,СИЛВЕР МОЛИВ ЗА УСНИ 34,ТС,1,0.18,,no 2025–2026 sales invoice
002064,СИЛВЕР МОЛИВ ЗА УСНИ 36,ТС,1,0.18,,no 2025–2026 sales invoice
002065,СИЛВЕР МОЛИВ ЗА УСНИ 43,ТС,1,0.18,,no 2025–2026 sales invoice
002066,СИЛВЕР МОЛИВ ЗА УСНИ 53,ТС,1,0.18,,no 2025–2026 sales invoice
002067,СИЛВЕР МОЛИВ ЗА УСНИ 56,ТС,1,0.18,,no 2025–2026 sales invoice
002068,СИЛВЕР МОЛИВ ЗА УСНИ 57,ТС,1,0.18,,no 2025–2026 sales invoice
002069,СИЛВЕР МОЛИВ ЗА УСНИ 58,ТС,1,0.18,,no 2025–2026 sales invoice
002070,СИЛВЕР МОЛИВ ЗА УСНИ 62,ТС,1,0.18,,no 2025–2026 sales invoice
002071,СИЛВЕР МОЛИВ ЗА УСНИ 63,ТС,1,0.18,,no 2025–2026 sales invoice
002072,СИЛВЕР МОЛИВ ЗА УСНИ 64,ТС,1,0.18,,no 2025–2026 sales invoice
002073,СИЛВЕР МОЛИВ ЗА УСНИ 65,ТС,1,0.18,,no 2025–2026 sales invoice
002074,СИЛВЕР МОЛИВ ЗА ОЧИ 73,ТС,1,0.18,,no 2025–2026 sales invoice
002075,МОЛИВ ЗА ОЧИ XPRESS 601,ТС,1,0.18,,no 2025–2026 sales invoice
002076,МОЛИВ ЗА ОЧИ XPRESS 602,ТС,1,0.18,,no 2025–2026 sales invoice
002077,МОЛИВ ЗА ОЧИ XPRESS 604,ТС,1,0.18,,no 2025–2026 sales invoice
002078,МОЛИВ ЗА ОЧИ XPRESS 605,ТС,1,0.18,,no 2025–2026 sales invoice
002079,МОЛИВ ЗА ОЧИ XPRESS 606,ТС,1,0.18,,no 2025–2026 sales invoice
002080,МОЛИВ ЗА ОЧИ XPRESS 607,ТС,1,0.18,,no 2025–2026 sales invoice
002081,МОЛИВ ЗА ОЧИ XPRESS 608,ТС,1,0.18,,no 2025–2026 sales invoice
002082,МОЛИВ ЗА ОЧИ XPRESS 609,ТС,1,0.18,,no 2025–2026 sales invoice
002083,МОЛ.ЗА ОЧИ LUX GLITTER 501,ТС,1,0.18,,no 2025–2026 sales invoice
002084,МОЛИВ ЗА ВЕЃИ 01,ТС,1,0.18,,no 2025–2026 sales invoice
002085,МОЛИВ ЗА ВЕЃИ 03,ТС,1,0.18,,no 2025–2026 sales invoice
002086,МОЛИВ ЗА ВЕЃИ 04,ТС,1,0.18,,no 2025–2026 sales invoice
002087,МОЛИВ ЗА ВЕЃИ 05,ТС,1,0.18,,no 2025–2026 sales invoice
002088,МАТ-ТЕЧ.К.DRAMA QUEEN 01,ТС,1,0.18,,no 2025–2026 sales invoice
002089,МАТ-ТЕЧ.К.DRAMA QUEEN 02,ТС,1,0.18,,no 2025–2026 sales invoice
002090,МАТ-ТЕЧ.К.DRAMA QUEEN 03,ТС,1,0.18,,no 2025–2026 sales invoice
002091,МАТ-ТЕЧ.К.DRAMA QUEEN 04,ТС,1,0.18,,no 2025–2026 sales invoice
002092,МАТ-ТЕЧ.К.DRAMA QUEEN 05,ТС,1,0.18,,no 2025–2026 sales invoice
002093,МАТ-ТЕЧ.К.DRAMA QUEEN 06,ТС,1,0.18,,no 2025–2026 sales invoice
002094,МАТ-ТЕЧ.К.DRAMA QUEEN 07,ТС,1,0.18,,no 2025–2026 sales invoice
002095,МАТ-ТЕЧ.К.DRAMA QUEEN 08,ТС,1,0.18,,no 2025–2026 sales invoice
002096,МАТ-ТЕЧ.К.DRAMA QUEEN 09,ТС,1,0.18,,no 2025–2026 sales invoice
002097,МАТ-ТЕЧ.К.DRAMA QUEEN 10,ТС,1,0.18,,no 2025–2026 sales invoice
002098,МАТ-ТЕЧ.К.DRAMA QUEEN 11,ТС,1,0.18,,no 2025–2026 sales invoice
002099,МАТ-ТЕЧ.К.DRAMA QUEEN 12,ТС,1,0.18,,no 2025–2026 sales invoice
002100,МАТ-ТЕЧ.К.DRAMA QUEEN 13,ТС,1,0.18,,no 2025–2026 sales invoice
002101,КАРМИН Color Carma 10 Ha-ha-ha,ТС,1,0.18,,no 2025–2026 sales invoice
002102,КАРМИН Color Carma 20 Revenge,ТС,1,0.18,,no 2025–2026 sales invoice
002103,КАРМИН Color Carma 30 Rebirth,ТС,1,0.18,,no 2025–2026 sales invoice
002104,КАРМИН Color Carma 40 Samsara,ТС,1,0.18,,no 2025–2026 sales invoice
002105,КАРМИН Color Carma 50 Move on,ТС,1,0.18,,no 2025–2026 sales invoice
002106,КАРМИН Color Carma 60  Is a bi***,ТС,1,0.18,,no 2025–2026 sales invoice
002107,КАРМИН CLASSIK 250 nude pink,ТС,1,0.18,,no 2025–2026 sales invoice
002108,КАРМИН CLASSIK 251 rosy nude,ТС,1,0.18,,no 2025–2026 sales invoice
002109,КАРМИН CLASSIK 252 dusty nude,ТС,1,0.18,,no 2025–2026 sales invoice
002110,КАРМИН CLASSIK 253 rosy coral,ТС,1,0.18,,no 2025–2026 sales invoice
002111,КАРМИН CLASSIK 254 iconic red,ТС,1,0.18,,no 2025–2026 sales invoice
002112,КАРМИН CLASSIK 255 deep wine,ТС,1,0.18,,no 2025–2026 sales invoice
002113,СЈАЈ ЗА УСНИ STAR GLOSS  01,ТС,1,0.18,,no 2025–2026 sales invoice
002114,СЈАЈ ЗА УСНИ STAR GLOSS  02,ТС,1,0.18,,no 2025–2026 sales invoice
002115,СЈАЈ ЗА УСНИ STAR GLOSS  03,ТС,1,0.18,,no 2025–2026 sales invoice
002116,СЈАЈ ЗА УСНИ STAR GLOSS  04,ТС,1,0.18,,no 2025–2026 sales invoice
002117,СЈАЈ ЗА УСНИ STAR GLOSS  05,ТС,1,0.18,,no 2025–2026 sales invoice
002118,СЈАЈ ЗА УСНИ STAR GLOSS  06,ТС,1,0.18,,no 2025–2026 sales invoice
002119,СЈАЈ ЗА УСНИ STAR GLOSS  07,ТС,1,0.18,,no 2025–2026 sales invoice
002120,СЈАЈ ЗА УСНИ STAR GLOSS  08,ТС,1,0.18,,no 2025–2026 sales invoice
002121,СЈАЈ ЗА УСНИ STAR GLOSS  09,ТС,1,0.18,,no 2025–2026 sales invoice
002122,СЈАЈ ЗА УСНИ STAR GLOSS  10,ТС,1,0.18,,no 2025–2026 sales invoice
002123,СЈАЈ ЗА УСНИ STAR GLOSS  11,ТС,1,0.18,,no 2025–2026 sales invoice
002124,СЈАЈ ЗА УСНИ STAR GLOSS  12,ТС,1,0.18,,no 2025–2026 sales invoice
002125,БАЗА ЗА ШМИНКА PRIME ME!,ТС,1,0.18,,no 2025–2026 sales invoice
002126,БАЗА ЗА НАМАЛУВАЊЕ ПОРИ,ТС,1,0.18,,no 2025–2026 sales invoice
002127,БАЗА ЗА СЕНКА,ТС,1,0.18,,no 2025–2026 sales invoice
002128,БАЗА ЗА ШМИНКА PREP&GLOW,ТС,1,0.18,,no 2025–2026 sales invoice
002129,ТРАНСФЛУОР.ПУДРА MATIFFIER,ТС,1,0.18,,no 2025–2026 sales invoice
002130,ТЕЧЕН ХАЈЛАЈТЕР ЗА ЛИЦЕ И ТЕЛО,ТС,1,0.18,,no 2025–2026 sales invoice
002131,ТЕЧЕН КОРЕКТОР CORECT ME! 301,ТС,1,0.18,,no 2025–2026 sales invoice
002132,ТЕЧЕН КОРЕКТОР CORECT ME! 302,ТС,1,0.18,,no 2025–2026 sales invoice
002133,ТЕЧЕН КОРЕКТОР CORECT ME! 303,ТС,1,0.18,,no 2025–2026 sales invoice
002134,ТЕЧЕН КОРЕКТОР CORECT ME! 304,ТС,1,0.18,,no 2025–2026 sales invoice
002135,ТЕЧЕН КОРЕКТОР CORECT ME! 305,ТС,1,0.18,,no 2025–2026 sales invoice
002136,ТЕЧЕН КОРЕКТОР CORECT ME! 306,ТС,1,0.18,,no 2025–2026 sales invoice
002137,ТЕЧ.КОРЕК.TOUCH UP PRO 011,ТС,1,0.18,,no 2025–2026 sales invoice
002138,ТЕЧ.КОРЕК.TOUCH UP PRO 012,ТС,1,0.18,,no 2025–2026 sales invoice
002139,ТЕЧ.КОРЕК.TOUCH UP PRO 033,ТС,1,0.18,,no 2025–2026 sales invoice
002140,ТЕЧ.КОРЕК.TOUCH UP PRO 044,ТС,1,0.18,,no 2025–2026 sales invoice
002141,ТЕЧ.КОРЕК.TOUCH UP PRO 055,ТС,1,0.18,,no 2025–2026 sales invoice
002142,ТЕЧ.КОРЕК.TOUCH UP PRO 066,ТС,1,0.18,,no 2025–2026 sales invoice
002143,ТЕЧ.КОРЕК.TOUCH UP PRO 077,ТС,1,0.18,,no 2025–2026 sales invoice
002144,ТЕЧ.КОРЕК.TOUCH UP PRO 088,ТС,1,0.18,,no 2025–2026 sales invoice
002145,ТЕЧ.КОРЕК.TOUCH UP PRO 099,ТС,1,0.18,,no 2025–2026 sales invoice
002146,ПУДРА ВО ПРАВ POWDERFUL 01,ТС,1,0.18,,no 2025–2026 sales invoice
002147,ПУДРА ВО ПРАВ POWDERFUL 02,ТС,1,0.18,,no 2025–2026 sales invoice
002148,ПУДРА ВО ПРАВ POWDERFUL 03,ТС,1,0.18,,no 2025–2026 sales invoice
002149,ПУДРА ВО ПРАВ POWDERFUL 04,ТС,1,0.18,,no 2025–2026 sales invoice
002150,ТЕЧ.ПУДРА COVER ME! 101,ТС,1,0.18,,no 2025–2026 sales invoice
002151,ТЕЧ.ПУДРА COVER ME! 102,ТС,1,0.18,,no 2025–2026 sales invoice
002152,ТЕЧ.ПУДРА COVER ME! 103,ТС,1,0.18,,no 2025–2026 sales invoice
002153,ТЕЧ.ПУДРА COVER ME! 104,ТС,1,0.18,,no 2025–2026 sales invoice
002154,ТЕЧ.ПУДРА COVER ME! 105,ТС,1,0.18,,no 2025–2026 sales invoice
002155,ТЕЧ.ПУДРА COVER ME! 106,ТС,1,0.18,,no 2025–2026 sales invoice
002156,ТЕЧ.ПУДРА T.CARE OF ME 801,ТС,1,0.18,,no 2025–2026 sales invoice
002157,ТЕЧ.ПУДРА T.CARE OF ME 802,ТС,1,0.18,,no 2025–2026 sales invoice
002158,ТЕЧ.ПУДРА T.CARE OF ME 803,ТС,1,0.18,,no 2025–2026 sales invoice
002159,ТЕЧ.ПУДРА T.CARE OF ME 804,ТС,1,0.18,,no 2025–2026 sales invoice
002160,ТЕЧ.ПУДРА T.CARE OF ME 805,ТС,1,0.18,,no 2025–2026 sales invoice
002161,КОМП.ПУДРА VELVET MATTE 312,ТС,1,0.18,,no 2025–2026 sales invoice
002162,КОМП.ПУДРА VELVET MATTE 313,ТС,1,0.18,,no 2025–2026 sales invoice
002163,КОМП.ПУДРА VELVET MATTE 314,ТС,1,0.18,,no 2025–2026 sales invoice
002164,КОМП.ПУДРА VELVET MATTE 315,ТС,1,0.18,,no 2025–2026 sales invoice
002165,КОМП.ПУДРА VELVET MATTE 316,ТС,1,0.18,,no 2025–2026 sales invoice
002166,КОМП.ПУДРА VELVET MATTE 317,ТС,1,0.18,,no 2025–2026 sales invoice
002167,РУМЕН.GLORIOUS CHEEKS 210,ТС,1,0.18,,no 2025–2026 sales invoice
002168,РУМЕН.GLORIOUS CHEEKS 211,ТС,1,0.18,,no 2025–2026 sales invoice
002169,РУМЕН.GLORIOUS CHEEKS 212,ТС,1,0.18,,no 2025–2026 sales invoice
002170,РУМЕН.GLORIOUS CHEEKS 213,ТС,1,0.18,,no 2025–2026 sales invoice
002171,РУМЕН.GLORIOUS CHEEKS 215,ТС,1,0.18,,no 2025–2026 sales invoice
002172,РУМЕН.GLORIOUS CHEEKS 216,ТС,1,0.18,,no 2025–2026 sales invoice
002173,РУМЕН.GLORIOUS CHEEKS 217,ТС,1,0.18,,no 2025–2026 sales invoice
002174,РУМЕН.GLORIOUS CHEEKS 221,ТС,1,0.18,,no 2025–2026 sales invoice
002175,РУМЕН.GLORIOUS CHEEKS 222,ТС,1,0.18,0,no 2025–2026 sales invoice
002176,РУМЕН.GLORIOUS CHEEKS 223,ТС,1,0.18,,no 2025–2026 sales invoice
002177,РУМЕН.GLORIOUS CHEEKS 224,ТС,1,0.18,,no 2025–2026 sales invoice
002178,РУМЕН.GLORIOUS CHEEKS 225,ТС,1,0.18,,no 2025–2026 sales invoice
002179,КОПАК.ПРАВ ВО ВИС.СЈАЈ 218,ТС,1,0.18,,no 2025–2026 sales invoice
002180,КОПАК.ПРАВ ВО ВИС.СЈАЈ 219,ТС,1,0.18,,no 2025–2026 sales invoice
002181,КОПАК.ПРАВ ВО ВИС.СЈАЈ 220,ТС,1,0.18,,no 2025–2026 sales invoice
002182,ЛАК ЗА НОКТИ a PRO! 100,ТС,1,0.18,,no 2025–2026 sales invoice
002183,ЛАК ЗА НОКТИ a PRO! 101,ТС,1,0.18,,no 2025–2026 sales invoice
002184,ЛАК ЗА НОКТИ a PRO! 102,ТС,1,0.18,,no 2025–2026 sales invoice
002185,ЛАК ЗА НОКТИ a PRO! 103,ТС,1,0.18,,no 2025–2026 sales invoice
002186,ЛАК ЗА НОКТИ a PRO! 104,ТС,1,0.18,,no 2025–2026 sales invoice
002187,ЛАК ЗА НОКТИ a PRO! 106,ТС,1,0.18,,no 2025–2026 sales invoice
002188,ЛАК ЗА НОКТИ a PRO! 107,ТС,1,0.18,,no 2025–2026 sales invoice
002189,ЛАК ЗА НОКТИ a PRO! 108,ТС,1,0.18,,no 2025–2026 sales invoice
002190,ЛАК ЗА НОКТИ a PRO! 115,ТС,1,0.18,,no 2025–2026 sales invoice
002191,ЛАК ЗА НОКТИ a PRO! 116,ТС,1,0.18,,no 2025–2026 sales invoice
002192,ЛАК ЗА НОКТИ a PRO! 119,ТС,1,0.18,,no 2025–2026 sales invoice
002193,ЛАК ЗА НОКТИ a PRO! 125,ТС,1,0.18,,no 2025–2026 sales invoice
002194,ЛАК ЗА НОКТИ a PRO! 127,ТС,1,0.18,,no 2025–2026 sales invoice
002195,ЛАК ЗА НОКТИ a PRO! 130,ТС,1,0.18,,no 2025–2026 sales invoice
002196,ЛАК ЗА НОКТИ a PRO! 132,ТС,1,0.18,,no 2025–2026 sales invoice
002197,ЛАК ЗА НОКТИ a PRO! 134,ТС,1,0.18,,no 2025–2026 sales invoice
002198,КАПКИ ЗА БРЗ.СУШ.НОКТИ,ТС,1,0.18,0,no 2025–2026 sales invoice
002199,МАСЛО ЗА НОКТИ-КУТИКУЛИ,ТС,1,0.18,,no 2025–2026 sales invoice
002200,БАЗЕН СЛОЈ ЗА НОКТИ,ТС,1,0.18,,no 2025–2026 sales invoice
002201,ГЕЛ ЕФЕКТ ЗА НОКТИ,ТС,1,0.18,,no 2025–2026 sales invoice
002202,ЗАВРШ.СЛОЈ ТРАЕН ЕФ.НОКТИ,ТС,1,0.18,,no 2025–2026 sales invoice
002203,ЗАВРШ.СЛОЈ МАТТЕ-НОКТИ,ТС,1,0.18,,no 2025–2026 sales invoice
002204,ПАЛЕТА СЕНКИ 4/1 By night,ТС,1,0.18,,no 2025–2026 sales invoice
002205,ПАЛЕТА СЕНКИ 4/1 Copper,ТС,1,0.18,,no 2025–2026 sales invoice
002206,ПАЛЕТА СЕНКИ 4/1 Nude,ТС,1,0.18,,no 2025–2026 sales invoice
002207,ПАЛЕТА СЕНКИ 4/1 Rosy,ТС,1,0.18,,no 2025–2026 sales invoice
002208,ПАЛЕТА СЕНКИ 9/1 ALOHA,ТС,1,0.18,,no 2025–2026 sales invoice
002209,ПАЛЕТА СЕНКИ 9/1 JUNGLE,ТС,1,0.18,,no 2025–2026 sales invoice
002210,ПАЛЕТА СЕНКИ 9/1 PARADISE,ТС,1,0.18,,no 2025–2026 sales invoice
002211,ПАЛЕТА СЕНКИ 9/1 ROAR,ТС,1,0.18,,no 2025–2026 sales invoice
002212,ПАЛЕТА ЗА КОНТУР.DARK,ТС,1,0.18,,no 2025–2026 sales invoice
002213,ПАЛЕТА ЗА КОНТУР.FAIR,ТС,1,0.18,,no 2025–2026 sales invoice
002214,ПАЛ.ЗА ЛИЦЕ MARIJA ZEZELJ,ТС,1,0.18,,no 2025–2026 sales invoice
002215,ТЕЧ.АЛАЈНЕР WING IT UP,ТС,1,0.18,,no 2025–2026 sales invoice
002216,ТЕЧ.АЛАЈНЕР WING IT UP SENZ.,ТС,1,0.18,,no 2025–2026 sales invoice
002217,АЛАЈНЕР ФЛОМАСТЕР,ТС,1,0.18,,no 2025–2026 sales invoice
002218,ТЕЧ.АЛАЈН.ВО МОЛ.MATTE,ТС,1,0.18,,no 2025–2026 sales invoice
002219,ГЕЛ ЗА ФИКС.НА ВЕГИ BROW,ТС,1,0.18,,no 2025–2026 sales invoice
002220,МАСКАРА 3Д ALL IN 1,ТС,1,0.18,,no 2025–2026 sales invoice
002221,МАСКАРА ЗА ИЗДОЛЖ.,ТС,1,0.18,,no 2025–2026 sales invoice
002222,МАСКАРА ЗА ВОЛУМ.,ТС,1,0.18,,no 2025–2026 sales invoice
002223,ВОДООТ.МАСКАРА,ТС,1,0.18,,no 2025–2026 sales invoice
002224,МОЛ.ЗА УСНИ REVOLUTION 11,ТС,1,0.18,,no 2025–2026 sales invoice
002225,МОЛ.ЗА УСНИ REVOLUTION 12,ТС,1,0.18,,no 2025–2026 sales invoice
002226,МОЛ.ЗА УСНИ REVOLUTION 13,ТС,1,0.18,,no 2025–2026 sales invoice
002227,МОЛ.ЗА УСНИ REVOLUTION 14,ТС,1,0.18,,no 2025–2026 sales invoice
002228,МОЛ.ЗА УСНИ REVOLUTION 15,ТС,1,0.18,,no 2025–2026 sales invoice
002229,МОЛ.ЗА УСНИ REVOLUTION 16,ТС,1,0.18,,no 2025–2026 sales invoice
002230,МОЛ.ЗА УСНИ REVOLUTION 17,ТС,1,0.18,,no 2025–2026 sales invoice
002231,МОЛ.ЗА УСНИ REVOLUTION 18,ТС,1,0.18,,no 2025–2026 sales invoice
002232,МОЛ.ЗА УСНИ REVOLUTION 19,ТС,1,0.18,,no 2025–2026 sales invoice
002233,МОЛ.ЗА УСНИ REVOLUTION 20,ТС,1,0.18,,no 2025–2026 sales invoice
002234,МОЛ.ЗА УСНИ REVOLUTION 21,ТС,1,0.18,,no 2025–2026 sales invoice
002235,МОЛ.ЗА УСНИ REVOLUTION 22,ТС,1,0.18,,no 2025–2026 sales invoice
002236,МОЛ.ЗА УСНИ REVOLUTION 23,ТС,1,0.18,,no 2025–2026 sales invoice
002237,МАСК.ЗА ВЕЃИ MEDIIM BROWN,ТС,1,0.18,,no 2025–2026 sales invoice
002238,МАСК.ЗА ВЕЃИ DARK BROWN,ТС,1,0.18,,no 2025–2026 sales invoice
002239,МОЛИВ ЗА ВЕЃИ BLONDE,ТС,1,0.18,,no 2025–2026 sales invoice
002240,МОЛИВ ЗА ВЕЃИ BRUNETTE,ТС,1,0.18,,no 2025–2026 sales invoice
002241,МОЛИВ ЗА ВЕЃИ DARK BRUN.,ТС,1,0.18,,no 2025–2026 sales invoice
002242,БРОНЗЕР ALL Y.908 Bronze Bay,ТС,1,0.18,,no 2025–2026 sales invoice
002243,БРОНЗЕР ALL Y.911 Safari Trip,ТС,1,0.18,,no 2025–2026 sales invoice
002244,ФИКСАТ.ЗА ШМИН.FIX ME,ТС,1,0.18,,no 2025–2026 sales invoice
002245,ФИКСАТ.ЗА ШМ.SETING SPRAY,ТС,1,0.18,,no 2025–2026 sales invoice
002246,СУНГЕР.АПЛИКАТ. Black,ТС,1,0.18,,no 2025–2026 sales invoice
002247,СУНГЕР.АПЛИКАТ. Nude,ТС,1,0.18,,no 2025–2026 sales invoice
002248,СУНГЕР.АПЛИКАТ.Pink,ТС,1,0.18,,no 2025–2026 sales invoice
002249,ХАЈЛАЈТ.ВО СТИК Skyfall,ТС,1,0.18,,no 2025–2026 sales invoice
002250,СТИК ЗА КОНТУР.QUICK Light,ТС,1,0.18,,no 2025–2026 sales invoice
002251,СТИК ЗА КОНТУР.QUICK Medium,ТС,1,0.18,,no 2025–2026 sales invoice
002252,ВЕШТАЧКИ ТРЕПКИ 01,ТС,1,0.18,,no 2025–2026 sales invoice
002253,ВЕШТАЧКИ ТРЕПКИ 02,ТС,1,0.18,,no 2025–2026 sales invoice
002254,ВЕШТАЧКИ ТРЕПКИ 03,ТС,1,0.18,,no 2025–2026 sales invoice
002255,ВЕШТАЧКИ ТРЕПКИ 04,ТС,1,0.18,,no 2025–2026 sales invoice
002256,ВЕШТАЧКИ ТРЕПКИ 05,ТС,1,0.18,,no 2025–2026 sales invoice
002257,ВЕШТАЧКИ ТРЕПКИ 07,ТС,1,0.18,,no 2025–2026 sales invoice
002258,ВЕШТАЧКИ ТРЕПКИ 10,ТС,1,0.18,,no 2025–2026 sales invoice
002259,ВЕШТАЧКИ ТРЕПКИ 11,ТС,1,0.18,,no 2025–2026 sales invoice
002260,ВЕШТАЧКИ ТРЕПКИ 13,ТС,1,0.18,,no 2025–2026 sales invoice
002261,ВЕШТАЧКИ ТРЕПКИ 14,ТС,1,0.18,,no 2025–2026 sales invoice
002262,ВЕШТАЧКИ ТРЕПКИ 15,ТС,1,0.18,,no 2025–2026 sales invoice
002263,ВЕШТАЧКИ ТРЕПКИ 16,ТС,1,0.18,,no 2025–2026 sales invoice
002264,ВЕШТАЧКИ ТРЕПКИ 17,ТС,1,0.18,,no 2025–2026 sales invoice
002265,ПРАМ.ЗА ВЕШ.ТРЕПКИ,ТС,1,0.18,,no 2025–2026 sales invoice
002266,3Д ВЕШТ.ТРЕПКИ 23,ТС,1,0.18,,no 2025–2026 sales invoice
002267,3Д ВЕШТ.ТРЕПКИ 24,ТС,1,0.18,,no 2025–2026 sales invoice
002268,3Д ВЕШТ.ТРЕПКИ 25,ТС,1,0.18,,no 2025–2026 sales invoice
002269,3Д ВЕШТ.ТРЕПКИ 26,ТС,1,0.18,,no 2025–2026 sales invoice
002270,ЛЕП.ЗА ВЕШ.ТРЕП. 001 BEL,ТС,1,0.18,,no 2025–2026 sales invoice
002271,ЛЕП.ЗА ВЕШ.ТРЕП. 001 CRN,ТС,1,0.18,,no 2025–2026 sales invoice
002272,КОСО СЕЧ.ЧЕТКА,ТС,1,0.18,,no 2025–2026 sales invoice
002273,ДУО ЧЕТКА,ТС,1,0.18,,no 2025–2026 sales invoice
002274,МАЛА КОСО СЕЧ.ЧЕТКА,ТС,1,0.18,,no 2025–2026 sales invoice
002275,ЧЕТКА ЗА СЕНКА,ТС,1,0.18,,no 2025–2026 sales invoice
002276,ЧЕТКА ЗА КОНТУР.,ТС,1,0.18,,no 2025–2026 sales invoice
002277,ЦЕТКА ЗА ОЧ.КАПАК.,ТС,1,0.18,,no 2025–2026 sales invoice
002278,СЕТ ЗА ВЕЃИ+ПИНЦ.ГРАТИС,ТС,1,0.18,,no 2025–2026 sales invoice
002279,СПРЕЈ ЗА РАЦЕ 60МЛ.,ТС,1,0.18,,no 2025–2026 sales invoice
002280,ГЕЛ ЗА РАЦЕ 60МЛ.,ТС,1,0.18,,no 2025–2026 sales invoice
002281,Крем-балсам со невен и вит. Е,ТС,1,0.18,,no 2025–2026 sales invoice
002282,Балсам-гел со див конски костен,ТС,1,0.18,,no 2025–2026 sales invoice
002283,Гел-балсам со екс.од ѓаволски нокт,ТС,1,0.18,,no 2025–2026 sales invoice
002284,"Вазелин маст, 125мл",ТС,1,0.18,,no 2025–2026 sales invoice
002285,Пена за чистење  3во1,ТС,1,0.18,0,no 2025–2026 sales invoice
002286,Високо концент.серум 18мл.,ТС,1,0.18,,no 2025–2026 sales invoice
002287,Ревит.крема ДЕН/НОЌ 40+,ТС,1,0.18,,no 2025–2026 sales invoice
002288,Ревит.крема ДЕН/НОЌ 50+,ТС,1,0.18,,no 2025–2026 sales invoice
002289,Ревит.крема ДЕН/НОЌ 60+,ТС,1,0.18,,no 2025–2026 sales invoice
002290,Буфер-пена за тело 2во1 Блу скај,ТС,1,0.18,,no 2025–2026 sales invoice
002291,Буфер-пена за тело 2во1 Пинк,ТС,1,0.18,,no 2025–2026 sales invoice
002292,Буфер-пена за тело 2во1 Жолт,ТС,1,0.18,,no 2025–2026 sales invoice
002293,Шампон за коса Ceramides 300мл,ТС,1,0.18,,no 2025–2026 sales invoice
002294,Шампон за коса Keratin 300мл,ТС,1,0.18,,no 2025–2026 sales invoice
002295,Шампон за коса Proteins 300мл,ТС,1,0.18,,no 2025–2026 sales invoice
002296,Маска за коса Ceramides 110мл,ТС,1,0.18,,no 2025–2026 sales invoice
002297,Маска за коса Keratin 110мл,ТС,1,0.18,,no 2025–2026 sales invoice
002298,Маска за коса Proteins 110мл,ТС,1,0.18,,no 2025–2026 sales invoice
002299,Балзам за коса Ceramides 300мл,ТС,1,0.18,,no 2025–2026 sales invoice
002300,Балзам за коса Keratin 300мл,ТС,1,0.18,,no 2025–2026 sales invoice
002301,Балзам за коса Proteins 300мл,ТС,1,0.18,,no 2025–2026 sales invoice
002302,"Желе пена за кап,SPA Relax,220мл",ТС,1,0.18,,no 2025–2026 sales invoice
002303,"Желе пена за кап.Antistress,220мл",ТС,1,0.18,,no 2025–2026 sales invoice
002304,"Желе пена за кап.Deep sleep,220мл",ТС,1,0.18,,no 2025–2026 sales invoice
002305,"Балз.за усни Coco Night,8мл",ТС,1,0.18,,no 2025–2026 sales invoice
002306,"Балз.за усни Mango Tango,8мл",ТС,1,0.18,,no 2025–2026 sales invoice
002307,"Балз.за усни Passion Fruit,8мл",ТС,1,0.18,,no 2025–2026 sales invoice
002308,"Балз.за усни Volume Mint,8мл",ТС,1,0.18,,no 2025–2026 sales invoice
002309,"Балз.за усни Peach Kiss,8мл",ТС,1,0.18,,no 2025–2026 sales invoice
002310,"Балз.за усни Black,8мл",ТС,1,0.18,,no 2025–2026 sales invoice
002311,"Бомба за кап.Levander,120г",ТС,1,0.18,,no 2025–2026 sales invoice
002312,Прајм.за прск.Volume up and shine,ТС,1,0.18,,no 2025–2026 sales invoice
002313,Крем-пелени со цинк 0+,ТС,1,0.18,,no 2025–2026 sales invoice
002314,Лосион за бебе-Daily Care 3+,ТС,1,0.18,,no 2025–2026 sales invoice
002315,Крем-со пант.Mommy & Baby 0+,ТС,1,0.18,,no 2025–2026 sales invoice
002316,Крем за беб.Cream Daily Care 0+,ТС,1,0.18,,no 2025–2026 sales invoice
002317,Шамп.за бебе Easy detangling 3+,ТС,1,0.18,,no 2025–2026 sales invoice
002318,"Шамп.за бебе ED,Doy-Pack",ТС,1,0.18,,no 2025–2026 sales invoice
002319,Гифт сет ECOLATIER®Pure BABY,ТС,1,0.18,,no 2025–2026 sales invoice
002320,Екст.компл.бања пред.спиење 8во1,ТС,1,0.18,,no 2025–2026 sales invoice
002321,Кремаст сапун Gentle Care 0+,ТС,1,0.18,,no 2025–2026 sales invoice
002322,Бебеш.Гел пена 3+,ТС,1,0.18,,no 2025–2026 sales invoice
002323,Бебеш.Гел пена Foaming Gel 3+,ТС,1,0.18,,no 2025–2026 sales invoice
002324,Бебеш.Кремаст сапун Doy-pack,ТС,1,0.18,,no 2025–2026 sales invoice
002325,Бебеш.гел-пена Tip to toe,ТС,1,0.18,,no 2025–2026 sales invoice
002326,Дневна крема со смил 50мл,ТС,1,0.18,0,no 2025–2026 sales invoice
002327,Ноќна крема со смил 50мл,ТС,1,0.18,,no 2025–2026 sales invoice
002328,Реген.крема со смил 50мл,ТС,1,0.18,,no 2025–2026 sales invoice
002329,Матирачки флуид со смил 50мл,ТС,1,0.18,,no 2025–2026 sales invoice
002330,Крем.за околу очи со смил 15мл,ТС,1,0.18,,no 2025–2026 sales invoice
002331,Цц Кр.-Медиум со масло од смил 50мл,ТС,1,0.18,,no 2025–2026 sales invoice
002332,Цц Кр.-Лајт со масло од смил 50мл,ТС,1,0.18,,no 2025–2026 sales invoice
002333,Мицел.раствор со 500мл,ТС,1,0.18,,no 2025–2026 sales invoice
002334,Мицел.раствор со масло 150мл,ТС,1,0.18,,no 2025–2026 sales invoice
002335,Млеко за чистење лице со смиљ 200мл,ТС,1,0.18,,no 2025–2026 sales invoice
002336,Мицел.гел со масло од смил 200мл,ТС,1,0.18,,no 2025–2026 sales invoice
002337,Мицел.пена со масло од смил 175мл,ТС,1,0.18,,no 2025–2026 sales invoice
002338,Осв.тон.за лице-масло од смил 200мл,ТС,1,0.18,,no 2025–2026 sales invoice
002339,Златно масло од смил 15мл,ТС,1,0.18,,no 2025–2026 sales invoice
002340,Лесна крема против брч.з.кафе 50мл,ТС,1,0.18,,no 2025–2026 sales invoice
002341,Крема против брч.з.кафе 50мл,ТС,1,0.18,,no 2025–2026 sales invoice
002342,Мицел.раствор зел.кафе 200мл,ТС,1,0.18,,no 2025–2026 sales invoice
002343,Витамин Ц серум 30мл,ТС,1,0.18,,no 2025–2026 sales invoice
002344,Пептиден серум П 30мл,ТС,1,0.18,,no 2025–2026 sales invoice
002345,Витамин P2 серум 30мл,ТС,1,0.18,,no 2025–2026 sales invoice
002346,Витамин PА серум 30мл,ТС,1,0.18,,no 2025–2026 sales invoice
002347,Омега еликсир за лице 30мл,ТС,1,0.18,,no 2025–2026 sales invoice
002348,Хијалурон хидратор 4Х30мл,ТС,1,0.18,,no 2025–2026 sales invoice
002349,Витамин Ц крема 50мл,ТС,1,0.18,,no 2025–2026 sales invoice
002350,Пептидна крем П50мл,ТС,1,0.18,,no 2025–2026 sales invoice
002351,Микроексфолијант-Пилинг 42мл,ТС,1,0.18,,no 2025–2026 sales invoice
002352,Пилинг-Тоник со Ана-Рна Кисел.150мл.,ТС,1,0.18,,no 2025–2026 sales invoice
002353,Хидро Тоник Бета Глукан 150мл,ТС,1,0.18,,no 2025–2026 sales invoice
002354,Крем за лице СПФ 50-50мл,ТС,1,0.18,,no 2025–2026 sales invoice
002355,Профес.Флуид за лице СПФ 30-50мл.,ТС,1,0.18,,no 2025–2026 sales invoice
002356,Микроемулзија 150мл,ТС,1,0.18,,no 2025–2026 sales invoice
002357,Амино Гел 150мл,ТС,1,0.18,,no 2025–2026 sales invoice
002358,Витамин Б3 серум 30мл,ТС,1,0.18,,no 2025–2026 sales invoice
002359,Витамин Б3 крема 50мл,ТС,1,0.18,,no 2025–2026 sales invoice
002360,Витамин Б3 флуид-очи 15мл,ТС,1,0.18,,no 2025–2026 sales invoice
002361,Антибакт.крем за раце 75мл,ТС,1,0.18,,no 2025–2026 sales invoice
002362,Крем за раце Лаванда 50мл,ТС,1,0.18,,no 2025–2026 sales invoice
002363,Крем за раце Невен 50мл,ТС,1,0.18,,no 2025–2026 sales invoice
002364,Крем за раце Маслинка 150мл,ТС,1,0.18,,no 2025–2026 sales invoice
002365,Магнезиум масло 100мл,ТС,1,0.18,,no 2025–2026 sales invoice
002366,Магнезиум гел 250мл,ТС,1,0.18,,no 2025–2026 sales invoice
002367,Глукозамин гел 250мл,ТС,1,0.18,,no 2025–2026 sales invoice
002368,Гавез гел 250мл,ТС,1,0.18,,no 2025–2026 sales invoice
002369,Ice гел 250фарма,ТС,1,0.18,,no 2025–2026 sales invoice
002370,Гел Винова лоза 250мл,ТС,1,0.18,,no 2025–2026 sales invoice
002371,Алое Вера гел 250мл,ТС,1,0.18,,no 2025–2026 sales invoice
002372,Балсам Коњски 250мл,ТС,1,0.18,,no 2025–2026 sales invoice
002373,Балсам Коњски Хот 250мл,ТС,1,0.18,,no 2025–2026 sales invoice
002374,Веногел 250мл,ТС,1,0.18,,no 2025–2026 sales invoice
002375,Реумогел 250мл,ТС,1,0.18,,no 2025–2026 sales invoice
002376,Гел Арника 250мл,ТС,1,0.18,,no 2025–2026 sales invoice
002377,Гел Ѓаволска канџа 250мл,ТС,1,0.18,,no 2025–2026 sales invoice
002378,Невен Маст 30мл,ТС,1,0.18,,no 2025–2026 sales invoice
002379,"Балз.за усни Swet guavat,8мл",ТС,1,0.18,,no 2025–2026 sales invoice
002380,Хидратантен крем за тело,ТС,1,0.18,,no 2025–2026 sales invoice
002381,"Путер за тело Velvet skin, 220 ml",ТС,1,0.18,,no 2025–2026 sales invoice
002382,"Путер за тело Deep nutrition, 220 mll",ТС,1,0.18,,no 2025–2026 sales invoice
002383,ALOE VERA 300ml,ТС,1,0.18,,no 2025–2026 sales invoice
002384,ESSE.LIP REPAIRING CREAM 15ml,ТС,1,0.18,,no 2025–2026 sales invoice
002385,TOTAL CREAM 60ml,ТС,1,0.18,,no 2025–2026 sales invoice
002386,PROTEOGLYCAN F+F 2X2ml,ТС,1,0.18,,no 2025–2026 sales invoice
002387,SUPER FLUID SPF 50 50ml,ТС,1,0.18,,no 2025–2026 sales invoice
002388,4D ГОЛД СЕРУМ ЗА СЛАБЕЕЊЕ 250 мл,ТС,1,0.18,,no 2025–2026 sales invoice
002389,СЛИМ КРЕМА АНТИЦЕЛУЛИТ 250 мл,ТС,1,0.18,,no 2025–2026 sales invoice
002390,СЛИМ ТЕРМО СЕРУМ ЗА СЛАБЕЕЊЕ 250 мл,ТС,1,0.18,,no 2025–2026 sales invoice
002391,Ф-50 КРЕМА ЗА СОНЧАЊЕ ЛИЦЕ 50 мл.,ТС,1,0.18,,no 2025–2026 sales invoice
002392,4D ПРЕС.АНТ.ЛИФТ.СЕРУМ 250 мл.,ТС,1,0.18,,no 2025–2026 sales invoice
002393,ЕВЕ МЕД+ МАСКА ЗА СТАПАЛА,ТС,1,0.18,,no 2025–2026 sales invoice
002394,МЕД+ КРЕМА ЗА СУВИ СТАПАЛА  100 мл.,ТС,1,0.18,,no 2025–2026 sales invoice
002395,ЕВЕ МЕД+ ПИЛИНГ ЗА СТАПАЛА,ТС,1,0.18,,no 2025–2026 sales invoice
002396,ОЛИВАЛ ГАВЕЗ МАСТ 30 МЛ,ТС,1,0.18,,no 2025–2026 sales invoice
002397,РЕ-ГЕЛ ФАРМА 250 МЛ,ТС,1,0.18,,no 2025–2026 sales invoice
002398,САПУН ЗА ИНТИМНА НЕГА СЕНЗИТИВ,ТС,1,0.18,0,no 2025–2026 sales invoice
002399,АНТИБАКТ.ГЕЛ ЗА ИНТИМНА НЕГА,ТС,1,0.18,,no 2025–2026 sales invoice
002400,Бел хипоал.теч.пудра 01,ТС,1,0.18,,no 2025–2026 sales invoice
002401,Бел хипоал.теч.пудра 02,ТС,1,0.18,,no 2025–2026 sales invoice
002402,Бел хипоал.теч.пудра 03,ТС,1,0.18,,no 2025–2026 sales invoice
002403,Бел хипоал.теч.пудра 04,ТС,1,0.18,,no 2025–2026 sales invoice
002404,Бел хипоал.skin oil eliksir,ТС,1,0.18,,no 2025–2026 sales invoice
002405,Бел хипоал.регерен.маска,ТС,1,0.18,0,no 2025–2026 sales invoice
002406,Бел хипоал.anti smog prajmer,ТС,1,0.18,,no 2025–2026 sales invoice
002407,Бел хипоал.lip oil eliksir,ТС,1,0.18,,no 2025–2026 sales invoice
002408,Бел хипоал.ALOE BB Cream 01,ТС,1,0.18,,no 2025–2026 sales invoice
002409,Бел хипоал.ALOE BB Cream 02,ТС,1,0.18,,no 2025–2026 sales invoice
002410,Бел хипоал.ALOE BB Cream 03,ТС,1,0.18,,no 2025–2026 sales invoice
002411,Бел хипоал.ALOE BB Cream 04,ТС,1,0.18,,no 2025–2026 sales invoice
002412,Бел хипоал.pressed powder SPF15 01,ТС,1,0.18,,no 2025–2026 sales invoice
002413,Бел хипоал.pressed powder SPF15 02,ТС,1,0.18,,no 2025–2026 sales invoice
002414,Бел хипоал.pressed powder SPF15 03,ТС,1,0.18,,no 2025–2026 sales invoice
002415,Бел хипоал.pressed powder SPF15 04,ТС,1,0.18,,no 2025–2026 sales invoice
002416,Бел хипоал.ALOE eye conce.SPF25 01,ТС,1,0.18,,no 2025–2026 sales invoice
002417,Бел хипоал.ALOE eye conce.SPF25 02,ТС,1,0.18,,no 2025–2026 sales invoice
002418,Бел хипоал. ALOE LASH & BROW SERUM,ТС,1,0.18,,no 2025–2026 sales invoice
002419,Бел хипоал. ALOE sun care lip balm SPF25,ТС,1,0.18,,no 2025–2026 sales invoice
002420,Бел хипоал.ALOE lip regene.treatment,ТС,1,0.18,,no 2025–2026 sales invoice
002421,Магнезиум хлорид гранули 33 гр,ТС,2,0.05,0,no 2025–2026 sales invoice
002422,Зелен чај 100гр конв.,ТС,2,0.05,,no 2025–2026 sales invoice
002423,Мача чај во прав орг 50 г,ТС,2,0.05,,no 2025–2026 sales invoice
002424,Масло од магнезиум хлорид 100 мл,ТС,2,0.05,,no 2025–2026 sales invoice
002425,Сурутка во прав со 80% протеини 100 гр,ТС,2,0.05,,no 2025–2026 sales invoice
002426,Козја сурутка 35% протеини 100 гр,ТС,2,0.05,,no 2025–2026 sales invoice
002427,Протеински микс со какао 200гр,ТС,2,0.05,,no 2025–2026 sales invoice
002428,Сурутка во прав со 80% протеини 200 гр,ТС,2,0.05,,no 2025–2026 sales invoice
002429,Органски протеин од ориз 200 г,ТС,2,0.05,,no 2025–2026 sales invoice
002430,Кравја сурутка во прав со 12% протеини 2,ТС,2,0.05,,no 2025–2026 sales invoice
002431,Протеин од грашок орг 200г,ТС,2,0.05,,no 2025–2026 sales invoice
002432,Протеин од чиа органски 150г,ТС,2,0.05,,no 2025–2026 sales invoice
002433,Козја сурутка 2% протеини 200 гр,ТС,2,0.05,,no 2025–2026 sales invoice
002434,Протеин од бадем во прав 200 гр,ТС,2,0.05,,no 2025–2026 sales invoice
002435,Корен од мака во прав 100г орг,ТС,2,0.05,,no 2025–2026 sales invoice
002436,Индиски тегавец орг. 100г,ТС,1,0.18,,no 2025–2026 sales invoice
002437,Хлорела 100 гр орг,ТС,2,0.05,,no 2025–2026 sales invoice
002438,Црна мака орг. 100г,ТС,2,0.05,0,no 2025–2026 sales invoice
002439,Црвена мака орг. 100г,ТС,2,0.05,,no 2025–2026 sales invoice
002440,Моринга 100г органска,ТС,1,0.18,,no 2025–2026 sales invoice
002441,Органска ашваганда во прав 50 г,ТС,2,0.05,,no 2025–2026 sales invoice
002442,Брусница 100 гр орг,ТС,2,0.05,,no 2025–2026 sales invoice
002443,Аронија во прав 150 гр,ТС,2,0.05,,no 2025–2026 sales invoice
002444,Гоџи бери 100 г орг,ТС,2,0.05,,no 2025–2026 sales invoice
002445,Протеин.микс за палачинки 5*70 гр,ТС,2,0.05,,no 2025–2026 sales invoice
002446,Протеин.шејк во прав/вани.и цимет 500 гр,ТС,2,0.05,,no 2025–2026 sales invoice
002447,Протеин.шејк во прав јагода 500 гр,ТС,2,0.05,,no 2025–2026 sales invoice
002448,Протеин.шејк во прав какао 500 гр,ТС,2,0.05,,no 2025–2026 sales invoice
002449,Јагода во прав 60 гр,ТС,2,0.05,,no 2025–2026 sales invoice
002450,Малина во прав 60 гр,ТС,2,0.05,,no 2025–2026 sales invoice
002451,Банана во прав 60 гр,ТС,2,0.05,,no 2025–2026 sales invoice
002452,Јаболко во прав 60 гр,ТС,2,0.05,,no 2025–2026 sales invoice
002453,МОЛ.ЗА УСНИ REVOLUTION 24,ТС,1,0.18,,no 2025–2026 sales invoice
002454,МОЛ.ЗА УСНИ REVOLUTION 25,ТС,1,0.18,,no 2025–2026 sales invoice
002455,МОЛ.ЗА УСНИ REVOLUTION 26,ТС,1,0.18,,no 2025–2026 sales invoice
002456,МОЛ.ЗА УСНИ REVOLUTION 27,ТС,1,0.18,,no 2025–2026 sales invoice
002457,МОЛ.ЗА УСНИ REVOLUTION 28,ТС,1,0.18,,no 2025–2026 sales invoice
002458,МОЛ.ЗА УСНИ REVOLUTION 30,ТС,1,0.18,,no 2025–2026 sales invoice
002459,Молив за усни CLASSIC 250 Nude Pink,ТС,1,0.18,,no 2025–2026 sales invoice
002460,Молив за усни CLASSIC 251 Rosy Nude,ТС,1,0.18,,no 2025–2026 sales invoice
002461,Молив за усни CLASSIC 252 Dusty Rose,ТС,1,0.18,,no 2025–2026 sales invoice
002462,Молив за усни CLASSIC 253 Rosy Coral,ТС,1,0.18,,no 2025–2026 sales invoice
002463,Молив за усни CLASSIC 254 Iconic Red,ТС,1,0.18,,no 2025–2026 sales invoice
002464,Молив за усни CLASSIC 255 Deep Wine,ТС,1,0.18,,no 2025–2026 sales invoice
002465,СЕТ ВЕЛВЕТ БОЈА ЗА КОСА 1,ТС,1,0.18,0,no 2025–2026 sales invoice
002466,СЕТ ВЕЛВЕТ БОЈА ЗА КОСА 5,ТС,1,0.18,,no 2025–2026 sales invoice
002467,СЕТ ВЕЛВЕТ БОЈА ЗА КОСА 7,ТС,1,0.18,,no 2025–2026 sales invoice
002468,СЕТ ВЕЛВЕТ БОЈА ЗА КОСА 10B,ТС,1,0.18,,no 2025–2026 sales invoice
002469,СЕТ ВЕЛВЕТ БОЈА ЗА КОСА 8.1,ТС,1,0.18,,no 2025–2026 sales invoice
002470,СЕТ ВЕЛВЕТ БОЈА ЗА КОСА 0.00,ТС,1,0.18,,no 2025–2026 sales invoice
002471,СЕТ ВЕЛВЕТ БОЈА ЗА КОСА 11A,ТС,1,0.18,,no 2025–2026 sales invoice
002472,СЕТ ВЕЛВЕТ БОЈА ЗА КОСА 11S,ТС,1,0.18,,no 2025–2026 sales invoice
002473,СЕТ ВЕЛВЕТ БОЈА ЗА КОСА 6.7,ТС,1,0.18,,no 2025–2026 sales invoice
002474,СЕТ ВЕЛВЕТ БОЈА ЗА КОСА 7.13,ТС,1,0.18,,no 2025–2026 sales invoice
002475,Бел молив за очи хипо алерг.01,АРТИКЛ,1,0.18,1,no 2025–2026 sales invoice
002476,Бел хипоалергеник сенки нуд 01,АРТИКЛ,1,0.18,,no 2025–2026 sales invoice
002477,Бел хипоалергеник сенки нуд 02,АРТИКЛ,1,0.18,,no 2025–2026 sales invoice
002478,Бел хипоалергеник сенки нуд 03,АРТИКЛ,1,0.18,,no 2025–2026 sales invoice
002479,Бел хипоалергеник сенки нуд 04,АРТИКЛ,1,0.18,,no 2025–2026 sales invoice
002480,Бел хипоалергеник маскара,АРТИКЛ,1,0.18,,no 2025–2026 sales invoice
002481,Бел хипоалергеник коректор 01,АРТИКЛ,1,0.18,,no 2025–2026 sales invoice
002482,Бел хипоалергеник коректор 02,АРТИКЛ,1,0.18,,no 2025–2026 sales invoice
002483,Бел хипоалергеник база за пудра,АРТИКЛ,1,0.18,,no 2025–2026 sales invoice
002484,Бел хипо маскара амејзинг,АРТИКЛ,1,0.18,,no 2025–2026 sales invoice
002485,Бел бронзена пудра,АРТИКЛ,1,0.18,,no 2025–2026 sales invoice
002486,Бел прајмер хидрантен,ТС,1,0.18,,no 2025–2026 sales invoice
002487,Бел хипоале.пудра фул ковер 01,АРТИКЛ,1,0.18,,no 2025–2026 sales invoice
002488,Бел хипоале.пудра фул ковер 02,АРТИКЛ,1,0.18,,no 2025–2026 sales invoice
002489,Бел хипоале.пудра фул ковер 03,АРТИКЛ,1,0.18,,no 2025–2026 sales invoice
002490,Бел хипоале.пудра фул ковер 04,АРТИКЛ,1,0.18,,no 2025–2026 sales invoice
002491,Бел маскара аме.водоотпорна,АРТИКЛ,1,0.18,,no 2025–2026 sales invoice
002492,Бел хипоале.молив за уста 01,АРТИКЛ,1,0.18,,no 2025–2026 sales invoice
002493,Бел хипоале.молив за уста 02,АРТИКЛ,1,0.18,,no 2025–2026 sales invoice
002494,Бел хипоале.молив за уста 03,АРТИКЛ,1,0.18,,no 2025–2026 sales invoice
002495,Бел хипоале.молив за уста 04,АРТИКЛ,1,0.18,,no 2025–2026 sales invoice
002496,Бел хипоале.молив за уста 05,АРТИКЛ,1,0.18,,no 2025–2026 sales invoice
002497,Бел хипоале.молив за уста 06,АРТИКЛ,1,0.18,,no 2025–2026 sales invoice
002498,Бел хипоале.руж 01,АРТИКЛ,1,0.18,,no 2025–2026 sales invoice
002499,Бел хипоале.руж 02,АРТИКЛ,1,0.18,,no 2025–2026 sales invoice
002500,Бел молив за веѓи 01,АРТИКЛ,1,0.18,,no 2025–2026 sales invoice
002501,Бел молив за веѓи 02,АРТИКЛ,1,0.18,,no 2025–2026 sales invoice
002502,Бел молив за веѓи 03,АРТИКЛ,1,0.18,,no 2025–2026 sales invoice
002503,Бел хипоале.туш П.Ликвид 01,АРТИКЛ,1,0.18,,no 2025–2026 sales invoice
002504,Бел хипоале.туш П.Ликвид 02,АРТИКЛ,1,0.18,,no 2025–2026 sales invoice
002505,Бел хипоале.хидра 24ч серум,АРТИКЛ,1,0.18,,no 2025–2026 sales invoice
002506,Бел хипоале.пудра моделер,АРТИКЛ,1,0.18,,no 2025–2026 sales invoice
002507,Бел хипоале.мат сјај марсел.01,АРТИКЛ,1,0.18,,no 2025–2026 sales invoice
002508,Бел хипоале.мат сјај марсел.02,АРТИКЛ,1,0.18,,no 2025–2026 sales invoice
002509,Бел хипоале.мат сјај марсел.03,АРТИКЛ,1,0.18,,no 2025–2026 sales invoice
002510,Бел хипоале.мат сјај марсел.04,АРТИКЛ,1,0.18,,no 2025–2026 sales invoice
002511,Бел хипоале.мат сјај марсел.05,АРТИКЛ,1,0.18,,no 2025–2026 sales invoice
002512,Бел хипоале.мат сјај марсел.06,АРТИКЛ,1,0.18,,no 2025–2026 sales invoice
002513,Бел хипоале.теч.пудра 01,АРТИКЛ,1,0.18,,no 2025–2026 sales invoice
002514,Бел хипоале.теч.пудра 02,АРТИКЛ,1,0.18,,no 2025–2026 sales invoice
002515,Бел хипоале.теч.пудра 03,АРТИКЛ,1,0.18,,no 2025–2026 sales invoice
002516,Бел хипоале.теч.пудра 04,АРТИКЛ,1,0.18,,no 2025–2026 sales invoice
002517,Бел хипоале.фреш пудра,АРТИКЛ,1,0.18,,no 2025–2026 sales invoice
002518,Целодневна пудра бр.101,АРТИКЛ,1,0.18,,no 2025–2026 sales invoice
002519,Целодневна пудра бр.102,АРТИКЛ,1,0.18,,no 2025–2026 sales invoice
002520,Целодневна пудра бр.103,АРТИКЛ,1,0.18,,no 2025–2026 sales invoice
002521,Целодневна пудра бр.104,АРТИКЛ,1,0.18,,no 2025–2026 sales invoice
002522,Целодневна пудра бр.105,АРТИКЛ,1,0.18,,no 2025–2026 sales invoice
002523,Целодневна пудра бр.106,АРТИКЛ,1,0.18,,no 2025–2026 sales invoice
002524,Целодневна пудра бр.107,АРТИКЛ,1,0.18,,no 2025–2026 sales invoice
002525,Целодневна пудра бр.108,АРТИКЛ,1,0.18,,no 2025–2026 sales invoice
002526,Шминка бр.1-PORCELAIN,АРТИКЛ,1,0.18,0,no 2025–2026 sales invoice
002527,Шминка бр.2-LIGHT BEIGE,АРТИКЛ,1,0.18,,no 2025–2026 sales invoice
002528,Шминка бр.3-NATURAL BEIGE,АРТИКЛ,1,0.18,,no 2025–2026 sales invoice
002529,Шминка бр.4-MEDIUM BEIGE,АРТИКЛ,1,0.18,,no 2025–2026 sales invoice
002530,Шминка бр.5-DARK BEIGE,АРТИКЛ,1,0.18,,no 2025–2026 sales invoice
002531,Шминка бр.6-TERRACOTTA,АРТИКЛ,1,0.18,,no 2025–2026 sales invoice
002532,Маскара-LOADED,АРТИКЛ,1,0.18,,no 2025–2026 sales invoice
002533,Маскара-GRAVITY NOT!,ТС,1,0.18,,no 2025–2026 sales invoice
002534,Маскара-CURLY,ТС,1,0.18,,no 2025–2026 sales invoice
002535,Маскара-GRAND LASHES,АРТИКЛ,1,0.18,,no 2025–2026 sales invoice
002536,Елик.Лосион за тело-Кокос 200мл,ТС,1,0.18,,no 2025–2026 sales invoice
002537,Елик.Лосион за тело-Кукис 200мл,ТС,1,0.18,,no 2025–2026 sales invoice
002538,Елик.Лосион за тело-Бел мошус 200мл,ТС,1,0.18,,no 2025–2026 sales invoice
002539,Елик.Лосион за тело-Ванила 200мл,ТС,1,0.18,,no 2025–2026 sales invoice
002540,Елик.Лосион за тело-Карамела 200мл,ТС,1,0.18,,no 2025–2026 sales invoice
002541,Елик.Лосион за тело-Гардениа 200мл,ТС,1,0.18,,no 2025–2026 sales invoice
002542,Елик.Лосион за тело-Мед и млеко 200мл,ТС,1,0.18,,no 2025–2026 sales invoice
002543,Елик.Лосион за тело-Калин.и манго 200мл,ТС,1,0.18,,no 2025–2026 sales invoice
002544,Елик.Путер за тело-Кокос 200мл,ТС,1,0.18,,no 2025–2026 sales invoice
002545,Елик.Путер за тело-Ванила 200мл,АРТИКЛ,1,0.18,,no 2025–2026 sales invoice
002546,Елик.Путер за тело-Калин.и манго 200мл,АРТИКЛ,1,0.18,,no 2025–2026 sales invoice
002547,Елик.Путер за тело-Бел мошус 200мл,ТС,1,0.18,,no 2025–2026 sales invoice
002548,Елик.Путер за тело-Кукис 200мл,АРТИКЛ,1,0.18,,no 2025–2026 sales invoice
002549,Елик.Путер за тело-Гардениа 200мл,ТС,1,0.18,,no 2025–2026 sales invoice
002550,Елик.Путер за тело-Карамела 200мл,ТС,1,0.18,,no 2025–2026 sales invoice
002551,Елик.Путер за тело-Мед и млеко 200мл,АРТИКЛ,1,0.18,,no 2025–2026 sales invoice
002552,Маскара BIG VOLUME,ТС,1,0.18,,no 2025–2026 sales invoice
002553,Пудра SATIN MATT 104-30 ml,ТС,1,0.18,,no 2025–2026 sales invoice
002554,Пудра SATIN MATT 103-30 ml,ТС,1,0.18,,no 2025–2026 sales invoice
002555,Пудра SATIN MATT 102-30 ml,ТС,1,0.18,,no 2025–2026 sales invoice
002556,Пудра SATIN MATT 101-30 ml,ТС,1,0.18,,no 2025–2026 sales invoice
002557,8 in 1 Медиц.лак за нокти,ТС,1,0.18,,no 2025–2026 sales invoice
002558,МОЛ.ЗА УСНИ REVOLUTION 29,ТС,1,0.18,,no 2025–2026 sales invoice
002559,SOS лак за нокти EVELINE,ТС,1,0.18,,no 2025–2026 sales invoice
002560,X-TREME GEL EFFECT 60 сек.,ТС,1,0.18,,no 2025–2026 sales invoice
002561,ТОАЛ.ВОДА ALWAYS ON MY MIND,ТС,1,0.18,,no 2025–2026 sales invoice
002562,ТОАЛ.ВОДА LANCY 100ml,ТС,1,0.18,,no 2025–2026 sales invoice
002563,ТОАЛ.ВОДА MEN SARA QAEL,ТС,1,0.18,,no 2025–2026 sales invoice
002564,ТОАЛ.ВОДА MEN ISLANDERS,ТС,1,0.18,,no 2025–2026 sales invoice
002565,ЛЕНТИ INSTA CARE EVELINE,ТС,1,0.18,,no 2025–2026 sales invoice
002566,8W1 СЕРУМ ЗА ТРЕПКИ EVELIN,ТС,1,0.18,,no 2025–2026 sales invoice
002567,ARGAN OIL SERUM ЗА ТРЕПКИ,ТС,1,0.18,,no 2025–2026 sales invoice
002568,С.ДЕЛИНО ЗА ИЗМАЗН.НА КОСА 45ml,ТС,1,0.18,,no 2025–2026 sales invoice
002569,С.ДЕЛИНО ЗА МИРИС.НА КОСА 50ml,ТС,1,0.18,,no 2025–2026 sales invoice
002570,С.ДЕЛИНО ЗА СЈАЈ.НА КОСА 30ml,ТС,1,0.18,,no 2025–2026 sales invoice
002571,КРАМА ЗА РАЦЕ АРГАН+ВАНИЛА,ТС,1,0.18,,no 2025–2026 sales invoice
002572,Крем за тело-Skin radiance 220 мл.,ТС,1,0.18,,no 2025–2026 sales invoice
002573,Крем за тело-Skin Hydration 220 мл.,ТС,1,0.18,,no 2025–2026 sales invoice
002574,Крем за тело-Skin Softness 220 мл.,ТС,1,0.18,,no 2025–2026 sales invoice
002575,"Путер за тело Velvet skin, 220мл",ТС,1,0.18,,no 2025–2026 sales invoice
002576,"Путер за тело Deep Nutrition, 220мл",ТС,1,0.18,,no 2025–2026 sales invoice
002577,Пилинг за тело Detox 330гр.,ТС,1,0.18,,no 2025–2026 sales invoice
002578,"Пилинг за тело-berries & feijoa, 270гр.",ТС,1,0.18,,no 2025–2026 sales invoice
002579,"Пилинг за тело-strawb.&raspb, 270гр.",ТС,1,0.18,,no 2025–2026 sales invoice
002580,"Путер за тело 5 in 1 COCOA, 380мл.",ТС,1,0.18,,no 2025–2026 sales invoice
002581,"Путер за тело ALOE VERA, 400мл.",ТС,1,0.18,,no 2025–2026 sales invoice
002582,"Путер за тело CACTUS&AVOCADO,400мл.",ТС,1,0.18,,no 2025–2026 sales invoice
002583,"Шампон COCONUT&MULBERRIES, 600 ml",ТС,1,0.18,,no 2025–2026 sales invoice
002584,"Шампон ALOE VERA&VERBENA,600ml",ТС,1,0.18,,no 2025–2026 sales invoice
002585,Шампон ARGAN&WHITE JASMINE 600мл.,ТС,1,0.18,,no 2025–2026 sales invoice
002586,Шампон VOLUME AND STRENGTH 600мл.,ТС,1,0.18,,no 2025–2026 sales invoice
002587,Шампон NOURISHING за ошт.коса 600мл.,ТС,1,0.18,,no 2025–2026 sales invoice
002588,Регенератор за коса CO-WASHING 380мл,ТС,1,0.18,,no 2025–2026 sales invoice
002589,"Маска за косаSOS RECOVERING 7 in 1,380мл",ТС,1,0.18,,no 2025–2026 sales invoice
002590,Балзам за коса RESTORING 400мл.,ТС,1,0.18,,no 2025–2026 sales invoice
002591,Балзам за коса NOURISHING 400мл.,ТС,1,0.18,,no 2025–2026 sales invoice
002592,Балзам за коса STRENGTHENING 400мл.,ТС,1,0.18,,no 2025–2026 sales invoice
002593,Регенератор за коса COCONUT 400мл.,ТС,1,0.18,,no 2025–2026 sales invoice
002594,"Дезодоранс LIGHT FRESHNESS,40ml",ТС,1,0.18,,no 2025–2026 sales invoice
002595,"Дезодоранс LSMOOTHNESS & BEAUTY,40ml",ТС,1,0.18,,no 2025–2026 sales invoice
002596,Пена за капење RELAX 600мл,ТС,1,0.18,,no 2025–2026 sales invoice
002597,Пена за капење SPA 600мл,ТС,1,0.18,,no 2025–2026 sales invoice
002598,Пена за капење ANTISTRESS 600мл,ТС,1,0.18,,no 2025–2026 sales invoice
002599,Гел за туширање DETOX 600мл,ТС,1,0.18,,no 2025–2026 sales invoice
002600,Гел за туширање NOURISHING 600мл,ТС,1,0.18,,no 2025–2026 sales invoice
002601,Гел за туширање RELAX  600мл,ТС,1,0.18,,no 2025–2026 sales invoice
002602,Гел за туширање ARGAN 600мл,ТС,1,0.18,,no 2025–2026 sales invoice
002603,Мицел.гел за тушир.CACTUS 600мл,ТС,1,0.18,,no 2025–2026 sales invoice
002604,Мицел.гел за тушир.RICE MILK 600мл,ТС,1,0.18,,no 2025–2026 sales invoice
002605,Гел за туш.и Шампон 2 во 1 SPORT 600мл,ТС,1,0.18,,no 2025–2026 sales invoice
002606,Гел за туш.и Шампон 2 во 1 ENERGY 600мл,ТС,1,0.18,,no 2025–2026 sales invoice
002607,Крем за раце Nourishing 50мл,ТС,1,0.18,,no 2025–2026 sales invoice
002608,Крем за раце Restoring 50мл,ТС,1,0.18,,no 2025–2026 sales invoice
002609,Шампон и гел за туш.2 во 1,ТС,1,0.18,,no 2025–2026 sales invoice
002610,Путер за раце Deep nutrition 50мл,ТС,1,0.18,,no 2025–2026 sales invoice
002611,Путер за раце Protective 50мл,ТС,1,0.18,,no 2025–2026 sales invoice
002612,Заштитен спреј 250мл,ТС,1,0.18,,no 2025–2026 sales invoice
002613,Пилинг за тело berries Goji 270гр.,ТС,1,0.18,,no 2025–2026 sales invoice
002614,"Мицел.вода CACTUS,400мл",ТС,1,0.18,,no 2025–2026 sales invoice
002615,"Мицел.вода ORCHID,400мл",ТС,1,0.18,,no 2025–2026 sales invoice
002616,"Мицел.вода CACTUS,100мл",ТС,1,0.18,,no 2025–2026 sales invoice
002617,Шампон STRENGTHENING 600мл,ТС,1,0.18,,no 2025–2026 sales invoice
002618,Лак за нокти 139 Нуде,ТС,1,0.18,0,no 2025–2026 sales invoice
002619,Лак за нокти 25 Пилар Бокс Ред,ТС,1,0.18,,no 2025–2026 sales invoice
002620,Лак за нокти 27 Бордо,ТС,1,0.18,,no 2025–2026 sales invoice
002621,Лак за нокти 34 Бел,ТС,1,0.18,,no 2025–2026 sales invoice
002622,Лак за нокти 28 Црн,ТС,1,0.18,,no 2025–2026 sales invoice
002623,Палета сенки Нудес,ТС,1,0.18,,no 2025–2026 sales invoice
002624,Кармин Кокос ајс,ТС,1,0.18,,no 2025–2026 sales invoice
002625,Кармин Лолипоп,ТС,1,0.18,,no 2025–2026 sales invoice
002626,Кармин Рапсбери,ТС,1,0.18,,no 2025–2026 sales invoice
002627,Кармин Канди дреам,ТС,1,0.18,,no 2025–2026 sales invoice
002628,Кармин Неглиже,ТС,1,0.18,,no 2025–2026 sales invoice
002629,Кармин Пинк сјај,ТС,1,0.18,,no 2025–2026 sales invoice
002630,Сјај за усни Лове спелл,ТС,1,0.18,,no 2025–2026 sales invoice
002631,Сјај за усни Лојал,ТС,1,0.18,,no 2025–2026 sales invoice
002632,Сјај за усни Девотед,ТС,1,0.18,,no 2025–2026 sales invoice
002633,Сјај за усни Темптресс,ТС,1,0.18,,no 2025–2026 sales invoice
002634,Сјај за усни Хоокед,ТС,1,0.18,,no 2025–2026 sales invoice
002635,Молив за усни Нуде 24,ТС,1,0.18,,no 2025–2026 sales invoice
002636,Молив за усни Браон,ТС,1,0.18,,no 2025–2026 sales invoice
002637,Молив за усни Ред,ТС,1,0.18,,no 2025–2026 sales invoice
002638,Молив за усни Пинк,ТС,1,0.18,,no 2025–2026 sales invoice
002639,Молив за очи Кинг Кохл,ТС,1,0.18,0,no 2025–2026 sales invoice
002640,Молив за очи Њинд ме уп,ТС,1,0.18,,no 2025–2026 sales invoice
002641,Молив за очи Екстра фајн,ТС,1,0.18,,no 2025–2026 sales invoice
002642,Туш пенкало Линија до бран,ТС,1,0.18,,no 2025–2026 sales invoice
002643,Молив за веѓи Блонде,ТС,1,0.18,,no 2025–2026 sales invoice
002644,Молив за веѓи Браон,ТС,1,0.18,,no 2025–2026 sales invoice
002645,Молив за веѓи Дарк броњн,ТС,1,0.18,,no 2025–2026 sales invoice
002646,Туш за очи течен,ТС,1,0.18,,no 2025–2026 sales invoice
002647,Маскара Биг ласх,ТС,1,0.18,,no 2025–2026 sales invoice
002648,Маскара Ленгтхенинг,ТС,1,0.18,,no 2025–2026 sales invoice
002649,Тхе бронзер,ТС,1,0.18,,no 2025–2026 sales invoice
002650,Хајлајтер,ТС,1,0.18,,no 2025–2026 sales invoice
002651,Сунѓер блендер,ТС,1,0.18,,no 2025–2026 sales invoice
002652,Палета сенки за очи Социалите,ТС,1,0.18,,no 2025–2026 sales invoice
002653,Палета сенки за очи Он тхе рокс,ТС,1,0.18,,no 2025–2026 sales invoice
002654,Палета сенки за очи Романсед,ТС,1,0.18,,no 2025–2026 sales invoice
002655,Палета сенки за очи Делициоус прессед,ТС,1,0.18,,no 2025–2026 sales invoice
002656,W7 молив за уста моде,ТС,1,0.18,,no 2025–2026 sales invoice
002657,W7 молив за уста флинг,ТС,1,0.18,,no 2025–2026 sales invoice
002658,W7 молив за уста сили,ТС,1,0.18,,no 2025–2026 sales invoice
002659,W7 молив за уста и,ТС,1,0.18,,no 2025–2026 sales invoice
002660,W7 руменило ангел даст,ТС,1,0.18,,no 2025–2026 sales invoice
002661,W7 руменило галатик,ТС,1,0.18,,no 2025–2026 sales invoice
002662,W7 руменило и,ТС,1,0.18,,no 2025–2026 sales invoice
002663,W7 руменило госип,ТС,1,0.18,,no 2025–2026 sales invoice
002664,Аутдор трепки драматик,ТС,1,0.18,,no 2025–2026 sales invoice
002665,Аутдор трепки интенс,ТС,1,0.18,,no 2025–2026 sales invoice
002666,Аутдор трепки лајтенинг,ТС,1,0.18,,no 2025–2026 sales invoice
002667,Аутдор трепки натурал,ТС,1,0.18,,no 2025–2026 sales invoice
002668,Аутдор трепки парти,ТС,1,0.18,,no 2025–2026 sales invoice
002669,Аутдор трепки волумен,ТС,1,0.18,,no 2025–2026 sales invoice
002670,W7 сјај за усни петал,ТС,1,0.18,,no 2025–2026 sales invoice
002671,W7 сјај за усни фласт,ТС,1,0.18,,no 2025–2026 sales invoice
002672,W7 сјај за усни паст,ТС,1,0.18,,no 2025–2026 sales invoice
002673,Пудра во прав Матте Дреамер,ТС,1,0.18,,no 2025–2026 sales invoice
002674,Пудра во прав Схеер лоосе поњдер,ТС,1,0.18,,no 2025–2026 sales invoice
002675,Пудра во прав Бисцуит схеер лоосе,ТС,1,0.18,,no 2025–2026 sales invoice
002676,Пудра во прав Хонеѕ схеер лоосе,ТС,1,0.18,,no 2025–2026 sales invoice
002677,Пудра во прав Натурал беиге схеер лоосе,ТС,1,0.18,,no 2025–2026 sales invoice
002678,Коректор чајно дрво лигхт/медиум,ТС,1,0.18,,no 2025–2026 sales invoice
002679,Коректор чајно дрво медиум/дееп,ТС,1,0.18,,no 2025–2026 sales invoice
002680,ЧЕТКА ЗАБИ-РОЗЕВА,ТС,1,0.18,0,no 2025–2026 sales invoice
002681,БОЈА ЗА КОСА ЕСПЛЦИТ,ТС,1,0.18,,no 2025–2026 sales invoice
002682,ВИТКАЧ НА ТРЕПКИ,ТС,1,0.18,,no 2025–2026 sales invoice
002683,МИНИ 3 Д АПЛИКАТОР,ТС,1,0.18,,no 2025–2026 sales invoice
002684,СИЛИКОНСКИ АПЛИКАТОР,ТС,1,0.18,,no 2025–2026 sales invoice
002685,ТАМПОНИ ЗА ЛИЦЕ 2/1,ТС,1,0.18,,no 2025–2026 sales invoice
002686,КОЗ.ОСТРИЛКА ДУО,ТС,1,0.18,,no 2025–2026 sales invoice
002687,ЧЕТКА ЗАБИ-ПЛАВА,ТС,1,0.18,,no 2025–2026 sales invoice
002688,ЧЕТКА ЗАБИ-ЦРНА,ТС,1,0.18,,no 2025–2026 sales invoice
002689,ЧЕТКА ЗАБИ-ТРАНСПАРЕНТ,ТС,1,0.18,,no 2025–2026 sales invoice
002690,ВЕЛВЕТ ТОН БЛАНШ 25гр,ТС,1,0.18,0,no 2025–2026 sales invoice
002691,Четка за фарбање на коса,ТС,1,0.18,,no 2025–2026 sales invoice
002692,БЛОНДЕ БОЈА ЗА КОСА 9Ц,ТС,1,0.18,,no 2025–2026 sales invoice
002693,БЛОНДЕ БОЈА ЗА КОСА 11A,ТС,1,0.18,,no 2025–2026 sales invoice
002694,БЛОНДЕ БОЈА ЗА КОСА 11Б,ТС,1,0.18,,no 2025–2026 sales invoice
002695,БЛОНДЕ БОЈА ЗА КОСА 11П,ТС,1,0.18,,no 2025–2026 sales invoice
002696,ЕКСПЛИЦИТ БОЈА ЗА КОСА 1,ТС,1,0.18,,no 2025–2026 sales invoice
002697,ЕКСПЛИЦИТ БОЈА ЗА КОСА 1.10,ТС,1,0.18,,no 2025–2026 sales invoice
002698,ЕКСПЛИЦИТ БОЈА ЗА КОСА 10.31,ТС,1,0.18,,no 2025–2026 sales invoice
002699,ЕКСПЛИЦИТ БОЈА ЗА КОСА 11.1,ТС,1,0.18,,no 2025–2026 sales invoice
002700,ЕКСПЛИЦИТ БОЈА ЗА КОСА 11.8,ТС,1,0.18,,no 2025–2026 sales invoice
002701,ЕКСПЛИЦИТ БОЈА ЗА КОСА 12.89,ТС,1,0.18,,no 2025–2026 sales invoice
002702,ЕКСПЛИЦИТ БОЈА ЗА КОСА 4.7,ТС,1,0.18,,no 2025–2026 sales invoice
002703,ЕКСПЛИЦИТ БОЈА ЗА КОСА 4.78,ТС,1,0.18,,no 2025–2026 sales invoice
002704,ЕКСПЛИЦИТ БОЈА ЗА КОСА 4.80,ТС,1,0.18,,no 2025–2026 sales invoice
002705,ЕКСПЛИЦИТ БОЈА ЗА КОСА 5.1,ТС,1,0.18,,no 2025–2026 sales invoice
002706,ЕКСПЛИЦИТ БОЈА ЗА КОСА 5.20,ТС,1,0.18,,no 2025–2026 sales invoice
002707,ЕКСПЛИЦИТ БОЈА ЗА КОСА 5.62,ТС,1,0.18,,no 2025–2026 sales invoice
002708,ЕКСПЛИЦИТ БОЈА ЗА КОСА 6,ТС,1,0.18,,no 2025–2026 sales invoice
002709,ЕКСПЛИЦИТ БОЈА ЗА КОСА 6.77,ТС,1,0.18,,no 2025–2026 sales invoice
002710,ЕКСПЛИЦИТ БОЈА ЗА КОСА 7,ТС,1,0.18,,no 2025–2026 sales invoice
002711,ЕКСПЛИЦИТ БОЈА ЗА КОСА 7.07,ТС,1,0.18,,no 2025–2026 sales invoice
002712,ЕКСПЛИЦИТ БОЈА ЗА КОСА 7.31,ТС,1,0.18,,no 2025–2026 sales invoice
002713,ЕКСПЛИЦИТ БОЈА ЗА КОСА 7.44,ТС,1,0.18,,no 2025–2026 sales invoice
002714,ЕКСПЛИЦИТ БОЈА ЗА КОСА 7.66,ТС,1,0.18,,no 2025–2026 sales invoice
002715,ЕКСПЛИЦИТ БОЈА ЗА КОСА 8,ТС,1,0.18,,no 2025–2026 sales invoice
002716,ЕКСПЛИЦИТ БОЈА ЗА КОСА 9.2,ТС,1,0.18,,no 2025–2026 sales invoice
002717,ЕКСПЛИЦИТ БОЈА ЗА КОСА 9.4,ТС,1,0.18,,no 2025–2026 sales invoice
002718,ЕКСПЛИЦИТ БОЈА ЗА КОСА 90.01,ТС,1,0.18,0,no 2025–2026 sales invoice
002719,ЕКСПЛИЦИТ БОЈА ЗА КОСА 902,ТС,1,0.18,,no 2025–2026 sales invoice
002720,ЕКСПЛИЦИТ БОЈА ЗА КОСА 913,ТС,1,0.18,,no 2025–2026 sales invoice
002721,ЛАК ЗА НОКТИ a PRO! 109,ТС,1,0.18,,no 2025–2026 sales invoice
002722,ЛАК ЗА НОКТИ a PRO! 110,ТС,1,0.18,,no 2025–2026 sales invoice
002723,ЛАК ЗА НОКТИ a PRO! 111,ТС,1,0.18,,no 2025–2026 sales invoice
002724,ЛАК ЗА НОКТИ a PRO! 112,ТС,1,0.18,,no 2025–2026 sales invoice
002725,ЛАК ЗА НОКТИ a PRO! 113,ТС,1,0.18,,no 2025–2026 sales invoice
002726,ЛАК ЗА НОКТИ a PRO! 114,ТС,1,0.18,,no 2025–2026 sales invoice
002727,ЛАК ЗА НОКТИ a PRO! 117,ТС,1,0.18,,no 2025–2026 sales invoice
002728,ЛАК ЗА НОКТИ a PRO! 118,ТС,1,0.18,,no 2025–2026 sales invoice
002729,ЛАК ЗА НОКТИ a PRO! 120,ТС,1,0.18,,no 2025–2026 sales invoice
002730,ЛАК ЗА НОКТИ a PRO! 121,ТС,1,0.18,,no 2025–2026 sales invoice
002731,ЛАК ЗА НОКТИ a PRO! 122,ТС,1,0.18,,no 2025–2026 sales invoice
002732,ЛАК ЗА НОКТИ a PRO! 123,ТС,1,0.18,,no 2025–2026 sales invoice
002733,ЛАК ЗА НОКТИ a PRO! 124,ТС,1,0.18,,no 2025–2026 sales invoice
002734,ЛАК ЗА НОКТИ a PRO! 126,ТС,1,0.18,,no 2025–2026 sales invoice
002735,ЛАК ЗА НОКТИ a PRO! 128,ТС,1,0.18,,no 2025–2026 sales invoice
002736,ЛАК ЗА НОКТИ a PRO! 129,ТС,1,0.18,,no 2025–2026 sales invoice
002737,ЛАК ЗА НОКТИ a PRO! 131,ТС,1,0.18,,no 2025–2026 sales invoice
002738,ЛАК ЗА НОКТИ a PRO! 133,ТС,1,0.18,,no 2025–2026 sales invoice
002739,ЛАК ЗА НОКТИ a PRO! 135,ТС,1,0.18,,no 2025–2026 sales invoice
002740,ЛАК ЗА НОКТИ a PRO! 136,ТС,1,0.18,,no 2025–2026 sales invoice
002741,ЛАК ЗА НОКТИ a PRO! 137,ТС,1,0.18,,no 2025–2026 sales invoice
002742,ЛАК ЗА НОКТИ a PRO! 138,ТС,1,0.18,,no 2025–2026 sales invoice
002743,ЛАК ЗА НОКТИ a PRO! 139,ТС,1,0.18,,no 2025–2026 sales invoice
002744,ЛАК ЗА НОКТИ a PRO! 140,ТС,1,0.18,,no 2025–2026 sales invoice
002745,ЛАК ЗА НОКТИ a PRO! 141,ТС,1,0.18,,no 2025–2026 sales invoice
002746,ЛАК ЗА НОКТИ a PRO! 142,ТС,1,0.18,,no 2025–2026 sales invoice
002747,ЛАК ЗА НОКТИ a PRO! 143,ТС,1,0.18,,no 2025–2026 sales invoice
002748,ЛАК ЗА НОКТИ a PRO! 144,ТС,1,0.18,,no 2025–2026 sales invoice
002749,ЛАК ЗА НОКТИ a PRO! 145,ТС,1,0.18,,no 2025–2026 sales invoice
002750,ЛАК ЗА НОКТИ a PRO! 146,ТС,1,0.18,,no 2025–2026 sales invoice
002751,ЛАК ЗА НОКТИ a PRO! 147,ТС,1,0.18,,no 2025–2026 sales invoice
002752,СЕНКА ЗА ОЧИ ВО МОЛИВ 01,ТС,1,0.18,,no 2025–2026 sales invoice
002753,СЕНКА ЗА ОЧИ ВО МОЛИВ 02,ТС,1,0.18,,no 2025–2026 sales invoice
002754,СЕНКА ЗА ОЧИ ВО МОЛИВ 03,ТС,1,0.18,,no 2025–2026 sales invoice
002755,СЕНКА ЗА ОЧИ ВО МОЛИВ 04,ТС,1,0.18,,no 2025–2026 sales invoice
002756,АПЛИКАТОРИ ЗА СЕНКА,ТС,1,0.18,,no 2025–2026 sales invoice
002757,Волшебно златно суво масло 50мл,ТС,1,0.18,,no 2025–2026 sales invoice
002758,Волшебно суво масло 50мл,ТС,1,0.18,,no 2025–2026 sales invoice
002759,В7 памп пудра баф,ТС,1,0.18,0,no 2025–2026 sales invoice
002760,В7 памп пудра сенд беж,ТС,1,0.18,,no 2025–2026 sales invoice
002761,В7 памп пудра фреш беж,ТС,1,0.18,,no 2025–2026 sales invoice
002762,В7 памп пудра ерли тен,ТС,1,0.18,,no 2025–2026 sales invoice
002763,В7 памп пудра натурал беж,ТС,1,0.18,,no 2025–2026 sales invoice
002764,Палета на сенки кофи кет,ТС,1,0.18,,no 2025–2026 sales invoice
002765,Палета на сенки ијс крим,ТС,1,0.18,,no 2025–2026 sales invoice
002766,Сјај кофи ајс но фоум,ТС,1,0.18,,no 2025–2026 sales invoice
002767,Сјај кофи ајс ла вида мока,ТС,1,0.18,,no 2025–2026 sales invoice
002768,Сјај кофи ајс дежа бри,ТС,1,0.18,,no 2025–2026 sales invoice
002769,Сјај кофи ајс спринкле вит,ТС,1,0.18,,no 2025–2026 sales invoice
002770,Сјај кофи ајс сoси строубер,ТС,1,0.18,,no 2025–2026 sales invoice
002771,Сјај кофи ајс фандеј сандеј,ТС,1,0.18,,no 2025–2026 sales invoice
002772,Џангл 3во1 подлога,ТС,1,0.18,,no 2025–2026 sales invoice
002773,Џангл 2во1 хајлајтер,ТС,1,0.18,,no 2025–2026 sales invoice
002774,Џангл четка за хајлајтер,ТС,1,0.18,,no 2025–2026 sales invoice
002775,Прајмер од роза,ТС,1,0.18,,no 2025–2026 sales invoice
002776,Прајмер од краставица,ТС,1,0.18,,no 2025–2026 sales invoice
002777,Прајмер од кокос,ТС,1,0.18,,no 2025–2026 sales invoice
002778,Фиксатор мат,ТС,1,0.18,,no 2025–2026 sales invoice
002779,Пилинг за усни  лубеница,ТС,1,0.18,,no 2025–2026 sales invoice
002780,Палета за очи-варм ап,ТС,1,0.18,,no 2025–2026 sales invoice
002781,ББ крема во пумпа лајт 30ml,ТС,1,0.18,,no 2025–2026 sales invoice
002782,ББ крема во пумпа лајт меди 30ml,ТС,1,0.18,,no 2025–2026 sales invoice
002783,Пумп сенка-ранинг нејкед,ТС,1,0.18,,no 2025–2026 sales invoice
002784,Пумп сенка-мауве овер,ТС,1,0.18,,no 2025–2026 sales invoice
002785,Топчиња за чистење,ТС,1,0.18,,no 2025–2026 sales invoice
002786,Хартија за впивање мрснотија,ТС,1,0.18,,no 2025–2026 sales invoice
002787,Мулти масло,ТС,1,0.18,,no 2025–2026 sales invoice
002788,Тонер за лице,ТС,1,0.18,,no 2025–2026 sales invoice
002789,Серум за лице,ТС,1,0.18,,no 2025–2026 sales invoice
002790,Балзам за усни,ТС,1,0.18,,no 2025–2026 sales invoice
002791,Пилинг за усни,ТС,1,0.18,,no 2025–2026 sales invoice
002792,СПРЕЈ ЗА ЗАШ.НА КОСА. ОД ТОПЛИНА 200мл.,ТС,1,0.18,0,no 2025–2026 sales invoice
002793,КЕРАТИНСКИ СПРЕЈ ЗА КОСА 14 ВО 1 200 мл.,ТС,1,0.18,,no 2025–2026 sales invoice
002794,СПРЕЈ ЗА ИЗМАЗНУВАЊЕ НА КОСАТА 200 мл.,ТС,1,0.18,,no 2025–2026 sales invoice
002795,"Шампон кератин, колаген, хијалуро. 500мл",ТС,1,0.18,,no 2025–2026 sales invoice
002796,"МАСКА- КОСА СО КЕР, КОЛАГ, И ХИЈА.500мл",ТС,1,0.18,,no 2025–2026 sales invoice
002797,КАРБОН ХИДРА МАСКА ЗА ЛИЦЕ 2Х5 мл.,ТС,1,0.18,,no 2025–2026 sales invoice
002798,ГОГО SILVER REFLEX ШАМПОН 200 мл.,ТС,1,0.18,,no 2025–2026 sales invoice
002799,КРЕМА ЗА РАЦЕ- БРАЗИЛСКИ ПОРТ.50мл.,ТС,1,0.18,,no 2025–2026 sales invoice
002800,ШАМПОН ЗА КОСА БИОТИН 1000 мл.,ТС,1,0.18,,no 2025–2026 sales invoice
002801,МАСКА ЗА КОСА СИЛВЕР 1000 мл.,ТС,1,0.18,,no 2025–2026 sales invoice
002802,ВЕГАН МАСКА ЗА КОСА 1000 мл.,ТС,1,0.18,,no 2025–2026 sales invoice
002803,ГЛИКОЛ ТЕРАПИ ТОНИК ЗА ЛИЦЕ 110 мл.,ТС,1,0.18,,no 2025–2026 sales invoice
002804,ГЛИКОЛ-РЕГУЛАЦИЈА НА СЕБУМ  18 мл.,ТС,1,0.18,,no 2025–2026 sales invoice
002805,ГЛИКОЛ-ЗАТЕГНУВ.НА КОЖАТА  18 мл.,ТС,1,0.18,,no 2025–2026 sales invoice
002806,ГЕЛ ЗА ТУШ.БРАЗИЛСКИ ПОРТОКАЛ 200 мл.,ТС,1,0.18,0,no 2025–2026 sales invoice
002807,МАСКА ЗА КОСА КЕРАТИН 500 мл,ТС,1,0.18,,no 2025–2026 sales invoice
002808,МАСКА ЗА КОСА МУЛТИВИТАМИН 500 мл,ТС,1,0.18,,no 2025–2026 sales invoice
002809,ДИЗНИ ПРИНЦЕЗИ-куферче,ТС,1,0.18,,no 2025–2026 sales invoice
002810,Куркума гел,ТС,1,0.18,0,no 2025–2026 sales invoice
002811,ФОРЕВЕР БЛОНДЕ БОЈА ЗА КОСА 11С,ТС,1,0.18,0,no 2025–2026 sales invoice
002812,Рицинусово масло,ТС,1,0.18,,no 2025–2026 sales invoice
002813,Каллос маска за коса кератин 1000 мл,АРТИКЛ,1,0.18,,no 2025–2026 sales invoice
002814,Каллос маска за коса мултивитам 1000 мл,ТС,1,0.18,,no 2025–2026 sales invoice
002815,Шампон Чичак 250 мл,ТС,1,0.18,0,no 2025–2026 sales invoice
002816,ГРЕШКА,АРТИКЛ,1,0.18,0,no 2025–2026 sales invoice
002850,Флуид витаминска Б3 за околу очи 50 мл,ТС,1,0.18,,no 2025–2026 sales invoice
003002,ПРАЗНА ШИФРА,АРТИКЛ,2,0.05,0,no 2025–2026 sales invoice
003003,PRAZEN,АРТИКЛ,1,0.18,0,no 2025–2026 sales invoice
003004,ПРАЗНА ШИФРА,АРТИКЛ,1,0.18,0,no 2025–2026 sales invoice
004000,ОБЕН Снаил Комплекс 30cps,АРТИКЛ,2,0.05,0,no 2025–2026 sales invoice
004001,ОБЕН Диабетол Протект 30cps,АРТИКЛ,2,0.05,0,no 2025–2026 sales invoice
004002,ОБЕН Простата Супорт 30cps,АРТИКЛ,2,0.05,0,no 2025–2026 sales invoice
004003,ОБЕН Витамин Ц Комплекс 500ml,АРТИКЛ,2,0.05,0,no 2025–2026 sales invoice
004004,ОБЕН Снаил Комплекс Крема 100ml,АРТИКЛ,1,0.18,0,no 2025–2026 sales invoice
004005,VERSATIL PRO 30 cps,АРТИКЛ,2,0.05,0,no 2025–2026 sales invoice
004006,META FIX 30 cps,АРТИКЛ,2,0.05,0,no 2025–2026 sales invoice
004007,ERO BEAST 30 cps,АРТИКЛ,2,0.05,0,no 2025–2026 sales invoice
004008,TOP FORM PROSTATE 30cps,АРТИКЛ,2,0.05,0,no 2025–2026 sales invoice
004009,ARTROFLEX 30 cps,АРТИКЛ,2,0.05,0,no 2025–2026 sales invoice
004010,FORTEX 30 cps,АРТИКЛ,2,0.05,0,no 2025–2026 sales invoice
004011,SLIM FIT 30 cps,АРТИКЛ,2,0.05,0,no 2025–2026 sales invoice
004012,PROSTA FIX 30 cps,АРТИКЛ,2,0.05,0,no 2025–2026 sales invoice
004013,SKIN GLOW face serum 30 ml.,АРТИКЛ,2,0.05,0,no 2025–2026 sales invoice
004014,HYPER GUARD 30 cps.,АРТИКЛ,2,0.05,0,no 2025–2026 sales invoice
004015,BIO LIGHT 30 cps.,АРТИКЛ,2,0.05,0,no 2025–2026 sales invoice
004016,HEM CARE 30cps,АРТИКЛ,2,0.05,0,no 2025–2026 sales invoice
004017,FLEXIWELL 30 cps,АРТИКЛ,2,0.05,0,no 2025–2026 sales invoice
004018,ALPHA  30 cps,АРТИКЛ,2,0.05,,no 2025–2026 sales invoice
004019,SHAPE WELL 30/1 cps,АРТИКЛ,2,0.05,,no 2025–2026 sales invoice
004021,GERMOSTOP 30 cps,АРТИКЛ,2,0.05,,no 2025–2026 sales invoice
004022,PROXPEL 30cps,АРТИКЛ,2,0.05,,no 2025–2026 sales invoice
004024,METAFORM 90 gr,АРТИКЛ,2,0.05,0,no 2025–2026 sales invoice
004025,LIVO CARE 30 cps,АРТИКЛ,2,0.05,0,no 2025–2026 sales invoice
004028,PSOREASY 100 gr,АРТИКЛ,1,0.18,0,no 2025–2026 sales invoice
004500,SNAIL COMPLEX  30 cps.,АРТИКЛ,2,0.05,0,no 2025–2026 sales invoice
004501,PROSTATOL COMPLEX 30 cps.,АРТИКЛ,2,0.05,0,no 2025–2026 sales invoice
004502,HEPATOL FORTE 30 cps,АРТИКЛ,2,0.05,0,no 2025–2026 sales invoice
004503,DIABETOL FORTE 30 cps.,АРТИКЛ,2,0.05,0,no 2025–2026 sales invoice
004508,RHEUMATO COMPLEX 30cps,АРТИКЛ,2,0.05,,2025@5.00: 1; mex@5.00: 1
005005,ELIXY Серум со 20%снаил екстракт,АРТИКЛ,1,0.18,0,2025@18.00: 116; 2026@18.00: 33; mex@18.00: 11
005006,ELIXY-Ноќен крем снаил 50ml,АРТИКЛ,1,0.18,,2025@18.00: 79; 2026@18.00: 44; mex@18.00: 8
005007,ELIXY-Дневенкрем снаил 50ml,АРТИКЛ,1,0.18,,2025@18.00: 118; 2026@18.00: 67; mex@18.00: 12
005008,ELIXY-Околуочен крем 30ml,АРТИКЛ,1,0.18,,2025@18.00: 63; 2026@18.00: 23; mex@18.00: 10
005009,ELIXY Масло од маслинка 30 ml,АРТИКЛ,1,0.18,0,2025@18.00: 18; 2026@18.00: 8; mex@18.00: 6
005010,ELIXY Масло од авокадо 30 ml,АРТИКЛ,1,0.18,0,2025@18.00: 36; 2026@18.00: 11; mex@18.00: 7
005011,ELIXY Масло од јојоба 30 ml,АРТИКЛ,1,0.18,0,2025@18.00: 35; 2026@18.00: 20; mex@18.00: 7
005012,ELIXY Хијалурон и Алое серум 30ml,АРТИКЛ,1,0.18,0,2025@18.00: 128; 2026@18.00: 30; mex@18.00: 13
005013,ELIXY-Серум снаил+јојоба,ТС,1,0.18,0,no 2025–2026 sales invoice
005014,ELIXY Хијалурон+авокадо масло,АРТИКЛ,1,0.18,,no 2025–2026 sales invoice
005015,АЛОЕ БОДИ ГЕЛ 100ml,АРТИКЛ,1,0.18,0,2025@18.00: 94; 2026@18.00: 13; mex@18.00: 11
005016,АЛОЕ БОДИ ГЕЛ 100ml  1+1 гратис,АРТИКЛ,1,0.18,0,2025@18.00: 19; 2026@18.00: 7
005017,ELIXY Масло од марула 30 ml,АРТИКЛ,1,0.18,0,2025@18.00: 13; 2026@18.00: 9; mex@18.00: 3
005018,ELIXY Масло од шипка 30 ml,АРТИКЛ,1,0.18,0,2025@18.00: 23; 2026@18.00: 16; mex@18.00: 6
005019,ELIXY Серум со витамин Ц,АРТИКЛ,1,0.18,0,2025@18.00: 69; 2026@18.00: 21; mex@18.00: 7
005020,ELIXY- Витамин Б3 серум 30 мл,АРТИКЛ,1,0.18,,2025@18.00: 5; 2026@18.00: 1; mex@18.00: 4
005021,ELIXY- Антикни  серум 30 мл,АРТИКЛ,1,0.18,,2025@18.00: 7; mex@18.00: 4
005022,ELIXY-Бета Глукан серум 30 мл,АРТИКЛ,1,0.18,,2025@18.00: 7; 2026@18.00: 1; mex@18.00: 4
005023,ELIXY-Колаген серум 30 мл,АРТИКЛ,1,0.18,,2025@18.00: 71; 2026@18.00: 38; mex@18.00: 12
005024,ELIXY-АХА Ацид серум 30 мл,АРТИКЛ,1,0.18,,2025@18.00: 8; 2026@18.00: 1; mex@18.00: 4
005025,ТЕРМО ГЕЛ 290ml,АРТИКЛ,1,0.18,0,no 2025–2026 sales invoice
005026,КРИО ГЕЛ 290ml,АРТИКЛ,1,0.18,0,no 2025–2026 sales invoice
005027,ТЕРМО ГЕЛ 290ml+КРИО ГЕЛ 290ml,АРТИКЛ,1,0.18,0,2025@18.00: 2; 2026@18.00: 2
005028,ELIXY-ТЕРМО ГЕЛ 200ml,АРТИКЛ,1,0.18,0,2026@18.00: 1
005029,ELIXY-КРИО ГЕЛ 200ml,АРТИКЛ,1,0.18,0,2026@18.00: 1
005030,ELIXY-ТЕРМО ГЕЛ 200ml+КРИО ГЕЛ 200ml,АРТИКЛ,1,0.18,0,2025@18.00: 64; 2026@18.00: 13; mex@18.00: 5
005031,ELIXY DNEVNA & HYALURONIC +35  50 ml,АРТИКЛ,1,0.18,0,2025@18.00: 38; 2026@0.00: 1; 2026@18.00: 40; mex@0.00: 1; mex@18.00: 10
005032,ELIXY DNEVNA & HYALURONIC +45  50 ml,АРТИКЛ,1,0.18,,2025@18.00: 44; 2026@0.00: 2; 2026@18.00: 54; mex@0.00: 2; mex@18.00: 12
005033,ELIXY DNEVNA & HYALURONIC +55  50 ml,АРТИКЛ,1,0.18,0,2025@18.00: 38; 2026@0.00: 2; 2026@18.00: 51; mex@0.00: 2; mex@18.00: 8
005034,МЕЛЕМ R&R 100 ml,АРТИКЛ,1,0.18,0,2025@18.00: 40; 2026@18.00: 15; mex@18.00: 15
005035,ХЕМОРО ГЕЛ 100 мл,АРТИКЛ,1,0.18,0,2025@18.00: 98; 2026@18.00: 64; mex@18.00: 12
005036,Хеморо форте (2+1)+ Хеморо гел,АРТИКЛ,2,0.05,0,2025@18.00: 1; 2025@5.00: 55; 2026@5.00: 28
005037,ELIXY-hyaluronic acid-collagen&aloe vera,АРТИКЛ,1,0.18,0,2025@18.00: 5; 2026@18.00: 40; mex@18.00: 8
005038,ELIXY -крем за лице HONEY 100 мл,АРТИКЛ,1,0.18,0,2025@18.00: 11; 2026@18.00: 2; mex@18.00: 5
005039,ELIXY -крем за лице IMMORTELLE 100 мл,АРТИКЛ,1,0.18,0,2025@18.00: 22; 2026@18.00: 3; mex@18.00: 4
005040,ELIXY -крем за лице HYDRATING 100 мл,АРТИКЛ,1,0.18,0,2025@18.00: 19; 2026@18.00: 2; mex@18.00: 2
005041,ELIXY -хидратантен серум 30 мл,АРТИКЛ,1,0.18,0,2025@18.00: 4; 2026@18.00: 7; mex@18.00: 1
005042,ELIXY-анти-инфламаторен гел  200 мл,АРТИКЛ,1,0.18,0,2025@18.00: 35; 2026@18.00: 11; mex@18.00: 4
005043,ELIXY-Шампон Алое вера 500 мл.,АРТИКЛ,1,0.18,,2025@18.00: 88; 2026@18.00: 47; mex@18.00: 6
005044,ELIXY-ТЕРМО ГЕЛ 50ml,АРТИКЛ,1,0.18,0,2025@18.00: 1; mex@18.00: 1
005045,ELIXY-КРИО ГЕЛ 50ml,АРТИКЛ,1,0.18,0,2025@18.00: 1; mex@18.00: 1
005046,ELIXY КАПСУЛИ ЗА КОСА 60 cps,АРТИКЛ,2,0.05,0,2025@5.00: 53; 2026@5.00: 43; mex@5.00: 6
005047,ELIXY Алое Крема SPF 20 50 мл,АРТИКЛ,1,0.18,0,2025@18.00: 41; 2026@18.00: 17; mex@18.00: 4
005048,ELIXY  Matcha Face cream 50 ml,АРТИКЛ,1,0.18,0,2026@18.00: 26
005049,ELIXY MIDNIGHT MATCHA MASK 50 ml,АРТИКЛ,1,0.18,0,2026@18.00: 24
005051,ELIXY SUN PROTECT&GLOW OIL 100ml,АРТИКЛ,1,0.18,0,2026@18.00: 12
005053,ELIXY DERMA SPRAY 100 ml,АРТИКЛ,1,0.18,0,2026@18.00: 22
008000,ХЕЛАНКИ,ТС,1,0.18,0,2025@18.00: 5; mex@18.00: 3
010000,"УЧЕСТВО НА НАСТАН,,ЕЛИКСИ ФЕШН НАЈТ,,",ТС,1,0.18,0,no 2025–2026 sales invoice
010003,Used wooden shelves 100х45х110,АРТИКЛ,0,0.0,,no 2025–2026 sales invoice
010004,Used boards 35х234cm,АРТИКЛ,0,0.0,,no 2025–2026 sales invoice
010005,Used boards 240х100х45cm,АРТИКЛ,0,0.0,,no 2025–2026 sales invoice
010007,Used boards 180х100х40cm,АРТИКЛ,0,0.0,,no 2025–2026 sales invoice
011000,ВАДЛЕН 500г,АРТИКЛ,2,0.05,0,2026@5.00: 316
011001,ШЕФ ПИЦА 500г,АРТИКЛ,2,0.05,0,2026@18.00: 1; 2026@5.00: 611
011002,ВАДЛЕН 2.5кг,АРТИКЛ,2,0.05,0,2026@5.00: 306
011003,ВЕГАН лајф 400г,АРТИКЛ,2,0.05,,2026@5.00: 302
011004,КАКО ЛОВЕ 69 100г,АРТИКЛ,2,0.05,,2026@5.00: 53
011005,ЧОКОЛАДО со кршен лешник 100г,АРТИКЛ,2,0.05,,2026@5.00: 13
012000,Приготвени тестенини ФУСИЛИ 320г,АРТИКЛ,3,0.1,0,2026@10.00: 45
012001,Приготвени тестенини ПЕНЕ 320г,АРТИКЛ,3,0.1,0,2026@10.00: 46
012002,Приготвени тестенини ШПАГЕТИ 320г,АРТИКЛ,3,0.1,0,2026@10.00: 46
012003,Тузланска калиумова сол ситна 250г,АРТИКЛ,2,0.05,,2026@5.00: 4
012004,Тузла зачинска сол со додатоци 200г,АРТИКЛ,2,0.05,,2026@5.00: 4
033239,МАШ.ЗА БРИЧЕЊЕ,ЛОЈАЛИТИ,1,0.18,,no 2025–2026 sales invoice
034939,ПЕГЛА НА ПАРЕА,ЛОЈАЛИТИ,1,0.18,,no 2025–2026 sales invoice
048307,МАШ.ЗА МЕЛЕЊЕ КАФЕ,ЛОЈАЛИТИ,1,0.18,,no 2025–2026 sales invoice
048965,ТОСТЕР ЗА ЛЕПЧИЊА,ЛОЈАЛИТИ,1,0.18,,no 2025–2026 sales invoice
050001,РАБОТНА РАКА РЕИШИ КАФЕ,АРТИКЛ,0,0.0,0,no 2025–2026 sales invoice
050420,КУЈИНСКА ВАГА,ЛОЈАЛИТИ,1,0.18,,no 2025–2026 sales invoice
051668,ТАБЛЕТ-СТ95,ЛОЈАЛИТИ,2,0.05,,no 2025–2026 sales invoice
053294,ТАБЛЕТ-HUAWEI,ЛОЈАЛИТИ,2,0.05,,no 2025–2026 sales invoice
054390,ТЕЛЕВИЗОР,ЛОЈАЛИТИ,1,0.18,0,no 2025–2026 sales invoice
055851,Апарат за еспресо кафе и капучино,ЛОЈАЛИТИ,1,0.18,0,no 2025–2026 sales invoice
057331,ТЕГОВИ РАЧНИ,ЛОЈАЛИТИ,1,0.18,0,no 2025–2026 sales invoice
067353,ПЛИНСКО РЕШО,ЛОЈАЛИТИ,1,0.18,,no 2025–2026 sales invoice
071179,СОКОВНИК,ЛОЈАЛИТИ,1,0.18,,no 2025–2026 sales invoice
071523,ТЕЛЕСНА ВАГА,ЛОЈАЛИТИ,1,0.18,,no 2025–2026 sales invoice
072290,МАЛ ГРИЛ ТОСТЕР,ЛОЈАЛИТИ,1,0.18,,no 2025–2026 sales invoice
072599,РАЧЕН МИКСЕР,ЛОЈАЛИТИ,1,0.18,,no 2025–2026 sales invoice
073377,ЕЛКТРИЧЕН БОКАЛ,ЛОЈАЛИТИ,1,0.18,,no 2025–2026 sales invoice
073494,Стапчест Блендер+сецко 3 во1,ЛОЈАЛИТИ,1,0.18,,no 2025–2026 sales invoice
073507,СТАПЧЕСТ БЛЕНДЕР,ЛОЈАЛИТИ,1,0.18,,no 2025–2026 sales invoice
074295,Титаниум тава 25 см,АРТИКЛ,1,0.18,0,no 2025–2026 sales invoice
074299,ТАВА 24цм,ЛОЈАЛИТИ,1,0.18,,no 2025–2026 sales invoice
074317,ТАВА 28цм,ЛОЈАЛИТИ,1,0.18,,no 2025–2026 sales invoice
074368,ФЕН ЗА КОСА,ЛОЈАЛИТИ,1,0.18,0,no 2025–2026 sales invoice
074674,БОКАЛ-ФИЛТРИРАЊЕ,ЛОЈАЛИТИ,1,0.18,0,no 2025–2026 sales invoice
074764,АПАР.ПРОТИВ ИНСЕКТИ,ЛОЈАЛИТИ,1,0.18,0,no 2025–2026 sales invoice
075536,МИКСЕР РОТИРАЧКИ,ЛОЈАЛИТИ,1,0.18,,no 2025–2026 sales invoice
075551,Стапчеста правосмикалка 2во1,ЛОЈАЛИТИ,1,0.18,,no 2025–2026 sales invoice
075903,ФИГАРО,ЛОЈАЛИТИ,1,0.18,0,no 2025–2026 sales invoice
076466,ДАСКА ЗА ПЕГЛАЊЕ,ЛОЈАЛИТИ,1,0.18,,no 2025–2026 sales invoice
076756,МОБИЛЕН ТЕЛЕФОН,ЛОЈАЛИТИ,1,0.18,0,no 2025–2026 sales invoice
080001,ШЕЈКЕР,ТС,1,0.18,,2025@18.00: 1
100002,Used wooden shelves 234х70х40,АРТИКЛ,0,0.0,0,no 2025–2026 sales invoice
600084,МАГНУМ КЛИМА УРЕД,АРТИКЛ,1,0.18,0,2025@18.00: 31
600088,ПИКНИК ФРИЖИДЕР,АРТИКЛ,1,0.18,0,no 2025–2026 sales invoice
803837,ВЕЛОСИПЕД,АРТИКЛ,1,0.18,0,no 2025–2026 sales invoice
Тигрова маст,TIGER BALM 30ml,АРТИКЛ,1,0.18,0,no 2025–2026 sales invoice
ХЕЛАНКИ,ХЕЛАНКИ,ТС,1,0.18,0,no 2025–2026 sales invoice
